governance_type,ecological_site,Site,Region,District,Village,surveyNo,a.1.1,a.1.2,a.1.3,a.1.4,a.2.1,a.2.2,a.2.3,a.2.4,a.3.1,a.3.2,a.3.3,a.4.1,a.4.2,a.4.3,b.1.1,b.1.2,b.1.3,b.2.1,b.2.2,b.2.3,b.3.1,b.3.2,b.3.3,b.3.4,b.4.1,b.4.2,b.4.3,b.5.1,b.5.2,b.5.3,a.1,a.2,a.3,a.4,b.1,b.2,b.3,b.4,b.5,a,b
Implementation of LMMAs in progress,Mangrove,Mahajamba,Boeny,Majunga_II,Andranoboka,D002,1,0.94,1.0,0.4118,0,0.25,0.6,0.6,0,1,1,0.4,0.3333,0.75,0.25,1,0.0,0.2638,0.5,0.0,0.3333,0.0,1.0,0.25,0.75,1,0.1667,0.3,0.0,0,0.83795,0.3625,0.6666666666666666,0.49443333333333334,0.4166666666666667,0.2546,0.395825,0.6389,0.09999999999999999,0.5903875,0.3611983333333334
Implementation of LMMAs in progress,Mangrove,Mahajamba,Boeny,Majunga_II,Andranoboka,D003,1,0.96,1.0,0.4706,0,0.2794,0.6667,0.3333,0,1,0,0.46,0.4583,0.75,0.0,1,1.0,0.2344,0.5,0.0,0.3333,0.0,0.25,0.25,0.25,0,0.3333,0.75,1.0,1,0.85765,0.31984999999999997,0.3333333333333333,0.5560999999999999,0.6666666666666666,0.2448,0.20832499999999998,0.19443333333333332,0.9166666666666666,0.5167333333333333,0.4461783333333333
Implementation of LMMAs in progress,Mangrove,Mahajamba,Boeny,Majunga_II,Andranoboka,D004,1,0.96,1.0,0.2353,0,0.4265,0.6,0.6,1,1,0,0.22,0.3333,0.75,0.25,1,0.0,0.1939,0.5,0.0,0.3333,0.0,0.5,0.25,0.75,0,0.3333,0.6,0.0,1,0.798825,0.406625,0.6666666666666666,0.4344333333333334,0.4166666666666667,0.23129999999999998,0.270825,0.3611,0.5333333333333333,0.5766374999999999,0.362645
Implementation of LMMAs in progress,Mangrove,Mahajamba,Boeny,Majunga_II,Andranoboka,D005,1,0.97,1.0,0.1569,0,0.3676,0.7143,0.7143,0,1,1,0.14,0.3333,0.75,0.25,1,0.0,0.1738,0.5,0.0,0.3333,0.5,0.75,0.25,0.75,0,0.3333,0.75,0.0,1,0.7817249999999999,0.44905000000000006,0.6666666666666666,0.40776666666666667,0.4166666666666667,0.2246,0.458325,0.3611,0.5833333333333334,0.5763020833333333,0.408805
Implementation of LMMAs in progress,Mangrove,Mahajamba,Boeny,Majunga_II,Andranoboka,D006,1,0.98,1.0,0.5294,0,0.6471,0.5,0.8,1,0,1,0.52,0.4583,0.75,0.0,1,0.0,0.3186,0.5,0.0,0.3333,1.0,0.0,0.25,0.75,0,0.5,0.75,0.0,1,0.87735,0.486775,0.6666666666666666,0.5761,0.3333333333333333,0.27286666666666665,0.395825,0.4166666666666667,0.5833333333333334,0.6517229166666666,0.400405
Implementation of LMMAs in progress,Mangrove,Mahajamba,Boeny,Majunga_II,Andranoboka,D007,1,0.98,1.0,0.3137,1,0.4853,0.5,0.5,1,1,1,0.3,0.4583,0.75,0.25,1,0.0,0.3461,0.5,0.0,0.3333,0.5,0.5,0.25,0.75,0,0.3333,0.75,0.0,1,0.823425,0.621325,1.0,0.5027666666666667,0.4166666666666667,0.28203333333333336,0.395825,0.3611,0.5833333333333334,0.7368791666666666,0.40779166666666666
Implementation of LMMAs in progress,Mangrove,Mahajamba,Boeny,Majunga_II,Andranoboka,D008,1,0.98,1.0,0.1176,0,0.0882,0.5,0.5,1,0,1,0.1,0.4583,0.75,0.25,1,0.0,0.1,0.5,0.0,0.3333,0.75,0.5,0.25,0.75,0,0.3333,0.75,0.0,0,0.7744,0.27205,0.6666666666666666,0.4361,0.4166666666666667,0.19999999999999998,0.458325,0.3611,0.25,0.5373041666666667,0.3372183333333333
Implementation of LMMAs in progress,Mangrove,Mahajamba,Boeny,Majunga_II,Andranoboka,D009,1,0.94,1.0,0.1176,0,0.3382,0.3333,0.6667,1,1,0,0.1,0.3333,0.75,0.25,1,0.0,0.0521,0.5,0.0,0.0,0.0,0.5,0.25,0.25,0,0.3333,0.3,0.0,1,0.7644,0.33455,0.6666666666666666,0.39443333333333336,0.4166666666666667,0.18403333333333335,0.1875,0.19443333333333332,0.43333333333333335,0.5400124999999999,0.28319333333333335
Implementation of LMMAs in progress,Mangrove,Mahajamba,Boeny,Majunga_II,Andranoboka,D010,1,0.98,1.0,0.1765,0,0.1324,0.3333,0.6667,1,1,1,0.22,0.3333,0.75,0.0,1,0.0,0.0741,0.5,0.0,0.0,0.0,0.25,0.25,0.75,0,0.3333,0.75,0.0,1,0.789125,0.2831,1.0,0.4344333333333334,0.3333333333333333,0.19136666666666668,0.125,0.3611,0.5833333333333334,0.6266645833333333,0.31882666666666665
Implementation of LMMAs in progress,Mangrove,Mahajamba,Sofia,Majunga_II,Besakoa,D011,1,0.98,1.0,0.1765,0,0.1324,0.0,0.0,1,1,1,0.02,0.3333,0.75,0.25,1,1.0,0.1275,0.75,0.0,0.0,0.0,0.0,0.25,0.0,0,0.3333,0.3,1.0,1,0.789125,0.0331,1.0,0.36776666666666663,0.75,0.2925,0.0625,0.11109999999999999,0.7666666666666666,0.5474979166666667,0.3965533333333333
Implementation of LMMAs in progress,Mangrove,Mahajamba,Sofia,Majunga_II,Besakoa,D012,1,0.97,1.0,0.1569,0,0.1176,0.0,0.0,1,1,1,0.02,0.3333,0.75,0.5,1,1.0,0.2284,0.75,0.0,0.0,0.0,0.75,0.25,0.75,0,0.3333,0.75,0.0,1,0.7817249999999999,0.0294,1.0,0.36776666666666663,0.8333333333333334,0.32613333333333333,0.25,0.3611,0.5833333333333334,0.5447229166666666,0.47078
Implementation of LMMAs in progress,Mangrove,Mahajamba,Sofia,Majunga_II,Besakoa,D013,1,0.98,1.0,0.0588,0,0.0441,0.0,0.5,1,1,1,0.36,0.3333,0.75,0.0,1,0.8,0.0221,0.75,0.0,0.0,0.0,0.0,0.25,0.25,0,0.3333,0.75,0.0,1,0.7597,0.136025,1.0,0.4811,0.6,0.2573666666666667,0.0625,0.19443333333333332,0.5833333333333334,0.59420625,0.33952666666666664
Implementation of LMMAs in progress,Mangrove,Mahajamba,Sofia,Majunga_II,Besakoa,D014,1,0.86,1.0,0.0392,0,0.0294,0.5,0.5,1,1,1,0.1,0.4583,0.75,0.25,1,0.4,0.0796,0.75,0.0,0.0,0.0,0.25,0.25,0.75,0,0.3333,0.45,0.0,1,0.7248,0.25734999999999997,1.0,0.4361,0.5499999999999999,0.27653333333333335,0.125,0.3611,0.48333333333333334,0.6045625,0.35919333333333336
Implementation of LMMAs in progress,Mangrove,Mahajamba,Sofia,Majunga_II,Besakoa,D015,1,0.96,1.0,0.0196,0,0.0147,0.5,0.5,1,1,0,0.12,0.4583,0.75,0.0,1,1.0,0.3453,0.75,0.0,0.3333,0.0,0.25,0.25,0.75,0,0.3333,0.6,0.0,1,0.7449,0.253675,0.6666666666666666,0.4427666666666667,0.6666666666666666,0.3651,0.20832499999999998,0.3611,0.5333333333333333,0.5270020833333333,0.4269049999999999
Implementation of LMMAs in progress,Mangrove,Mahajamba,Sofia,Majunga_II,Besakoa,D016,1,0.99,1.0,0.1961,0,0.1471,0.6,0.6,1,1,1,0.36,0.4583,0.75,0.0,1,0.0,0.0949,0.75,0.0,0.0,0.0,0.25,0.25,0.25,0,0.3333,0.3,0.0,1,0.796525,0.336775,1.0,0.5227666666666667,0.3333333333333333,0.28163333333333335,0.125,0.19443333333333332,0.43333333333333335,0.6640166666666667,0.27354666666666666
Implementation of LMMAs in progress,Mangrove,Mahajamba,Sofia,Majunga_II,Besakoa,D017,1,0.93,1.0,0.0392,0,0.0294,0.4286,0.7143,1,0,1,0.42,0.4583,0.75,0.0,1,1.0,0.0858,0.75,0.0,0.0,0.75,0.0,0.25,0.75,0,0.3333,0.75,0.0,1,0.7423000000000001,0.293075,0.6666666666666666,0.5427666666666666,0.6666666666666666,0.2786,0.25,0.3611,0.5833333333333334,0.5612020833333333,0.42794
Implementation of LMMAs in progress,Mangrove,Mahajamba,Sofia,Port_Berger,Tsinjoarivo,D018,1,0.98,1.0,0.1765,0,0.3824,0.6667,0.6667,1,1,1,0.16,0.4583,0.75,0.0,1,0.2,0.1137,0.25,0.0,0.3333,0.0,0.25,0.25,0.0,0,0.5,0.45,0.0,0,0.789125,0.42894999999999994,1.0,0.4561,0.39999999999999997,0.12123333333333335,0.20832499999999998,0.16666666666666666,0.15,0.66854375,0.209245
Implementation of LMMAs in progress,Mangrove,Mahajamba,Sofia,Port_Berger,Tsinjoarivo,D019,1,0.97,1.0,0.0588,0,0.2941,0.3333,0.3333,1,1,0,0.04,0.3333,0.75,0.25,1,1.0,0.2444,0.25,0.0,0.3333,0.0,0.5,0.25,0.25,0,0.25,0.75,0.0,1,0.7572,0.24017499999999997,0.6666666666666666,0.37443333333333334,0.75,0.1648,0.270825,0.16666666666666666,0.5833333333333334,0.5096187499999999,0.387125
Implementation of LMMAs in progress,Mangrove,Mahajamba,Sofia,Port_Berger,Tsinjoarivo,D020,1,0.95,1.0,0.4902,0,0.6176,0.6,0.6,1,0,0,0.48,0.5833,0.75,0.0,1,0.0,0.0606,0.25,0.0,0.3333,0.75,0.5,0.25,0.75,0,0.25,0.6,0.0,1,0.8600500000000001,0.4544,0.3333333333333333,0.6044333333333333,0.3333333333333333,0.10353333333333332,0.458325,0.3333333333333333,0.5333333333333333,0.5630541666666666,0.35237166666666664
Implementation of LMMAs in progress,Mangrove,Mahajamba,Sofia,Port_Berger,Tsinjoarivo,D021,1,0.94,1.0,0.451,0,0.5882,0.6667,0.6667,1,1,0,0.44,0.3333,0.75,0.0,1,1.0,0.1238,0.25,0.0,0.3333,0.0,0.5,0.25,0.75,0,0.3333,0.75,0.0,0,0.84775,0.48039999999999994,0.6666666666666666,0.5077666666666666,0.6666666666666666,0.1246,0.270825,0.3611,0.25,0.6256458333333332,0.3346383333333333
Implementation of LMMAs in progress,Mangrove,Mahajamba,Sofia,Port_Berger,Tsinjoarivo,D022,1,0.98,1.0,0.0,0,0.0,0.4286,0.7143,1,1,0,0.36,0.4583,0.75,0.25,1,0.0,0.0813,0.25,0.0,0.3333,0.0,0.5,0.25,0.75,1,0.3333,0.75,0.3333,1,0.745,0.285725,0.6666666666666666,0.5227666666666667,0.4166666666666667,0.11043333333333333,0.270825,0.6944333333333333,0.6944333333333333,0.5550395833333333,0.43735833333333335
Implementation of LMMAs in progress,Mangrove,Mahajamba,Sofia,Port_Berger,Tsinjoarivo,D023,1,0.97,1.0,0.0196,0,0.0147,0.0,0.6,1,1,1,0.12,0.2083,0.5,0.0,1,0.0,0.0338,0.25,0.0,0.3333,0.0,0.25,0.5,0.25,0,0.25,0.7,1.0,1,0.7474,0.153675,1.0,0.2761,0.3333333333333333,0.0946,0.270825,0.16666666666666666,0.9,0.54429375,0.353085
Implementation of LMMAs in progress,Mangrove,Mahajamba,Sofia,Port_Berger,Tsinjoarivo,D024,1,0.97,1.0,0.3922,0,0.2941,0.6667,0.6667,1,0,0,0.46,0.3333,0.75,0.0,1,0.8,0.172,0.25,0.0,0.3333,0.75,0.25,0.25,0.75,0,0.25,0.7,0.5,1,0.8405499999999999,0.406875,0.3333333333333333,0.5144333333333333,0.6,0.14066666666666666,0.395825,0.3333333333333333,0.7333333333333334,0.5237979166666666,0.4406316666666667
Implementation of LMMAs in progress,Mangrove,Mahajamba,Sofia,Port_Berger,Tsinjoarivo,D025,1,0.95,1.0,0.1765,0,0.3824,0.0,0.0,1,0,1,0.16,0.3333,0.75,0.0,1,0.8,0.1283,0.25,0.0,0.3333,0.75,0.25,0.25,0.75,0,0.25,0.55,0.5,1,0.781625,0.0956,0.6666666666666666,0.4144333333333334,0.6,0.1261,0.395825,0.3333333333333333,0.6833333333333332,0.48958125,0.4277183333333333
Implementation of LMMAs in progress,Mangrove,Mahajamba,Sofia,Port_Berger,Tsinjoarivo,D026,1,0.97,1.0,0.0784,0,0.3088,0.3333,0.3333,1,0,1,0.06,0.4583,0.75,0.0,1,1.0,0.2203,0.25,0.0,0.3333,0.75,0.25,0.25,0.75,0,0.25,0.55,1.0,1,0.7620999999999999,0.24385,0.6666666666666666,0.4227666666666667,0.6666666666666666,0.15676666666666667,0.395825,0.3333333333333333,0.85,0.5238458333333332,0.48051833333333327
Implementation of LMMAs in progress,Mangrove,Mahajamba,Sofia,Port_Berger,Tsinjoarivo,D027,1,0.97,1.0,0.2353,0,0.4265,0.6,0.6,1,1,1,0.22,0.2083,0.75,0.25,1,1.0,0.1637,0.25,0.0,0.3333,0.0,0.25,0.25,0.25,1,0.3333,0.6,0.6667,1,0.801325,0.406625,1.0,0.3927666666666667,0.75,0.1379,0.20832499999999998,0.5277666666666666,0.7555666666666667,0.6501791666666666,0.4759116666666666
Implementation of LMMAs in progress,Mangrove,Mahajamba,Sofia,Port_Berger,Tsinjoarivo,D028,1,0.95,1.0,0.0,0,0.2353,0.6667,0.6667,1,0,1,0.34,0.2083,0.75,0.0,1,1.0,0.0745,0.25,0.0,0.3333,0.75,0.25,0.25,0.5,1,0.0833,0.7,1.0,1,0.7375,0.39217499999999994,0.6666666666666666,0.4327666666666667,0.6666666666666666,0.10816666666666667,0.395825,0.5277666666666666,0.9,0.5572770833333334,0.519685
Implementation of LMMAs in progress,Mangrove,Mahajamba,Sofia,Port_Berger,Tsinjoarivo,D029,1,0.95,1.0,0.0,0,0.0,0.6,0.8,1,1,1,0.32,0.3333,0.75,0.0,1,1.0,0.3451,0.25,0.0,0.0,0.5,0.5,0.25,0.25,1,0.25,0.6,0.6667,1,0.7375,0.35,1.0,0.46776666666666666,0.6666666666666666,0.19836666666666666,0.3125,0.5,0.7555666666666667,0.6388166666666666,0.48662
Implementation of LMMAs in progress,Mangrove,Mahajamba,Sofia,Port_Berger,Tsinjoarivo,D030,1,0.95,1.0,0.3725,0,0.2794,0.6,0.8,1,0,1,0.52,0.2917,0.75,0.0,1,1.0,0.3955,0.25,0.0,0.3333,0.75,0.5,0.25,0.75,1,0.25,0.55,0.5,1,0.8306250000000001,0.41985,0.6666666666666666,0.5205666666666667,0.6666666666666666,0.21516666666666664,0.458325,0.6666666666666666,0.6833333333333332,0.6094270833333334,0.5380316666666666
Implementation of LMMAs in progress,Mangrove,Mahajamba,Sofia,Port_Berger,Tsinjoarivo,D031,1,0.98,1.0,0.1765,0,0.3824,0.6667,0.6667,1,0,0,0.16,0.3333,0.75,0.25,1,1.0,0.097,0.25,0.0,0.3333,0.75,0.25,0.25,0.25,1,0.25,0.85,0.5,1,0.789125,0.42894999999999994,0.3333333333333333,0.4144333333333334,0.75,0.11566666666666665,0.395825,0.5,0.7833333333333333,0.4914604166666666,0.508965
Implementation of LMMAs in progress,Mangrove,Mahajamba,Sofia,Port_Berger,Tsinjoarivo,D032,1,0.94,1.0,0.098,0,0.3235,0.3333,0.3333,0,0,1,0.16,0.2083,0.75,0.0,1,0.8,0.2071,0.25,,0.3333,0.75,0.25,0.25,0.75,0,0.25,0.45,1.0,0,0.7595,0.247525,0.3333333333333333,0.3727666666666667,0.6,0.15236666666666668,0.395825,0.3333333333333333,0.48333333333333334,0.42828125,0.3929716666666666
Implementation of LMMAs in progress,Mangrove,Mahajamba,Sofia,Port_Berger,Tsinjoarivo,D033,1,0.92,1.0,0.0392,0,0.0294,0.0,0.0,1,1,1,0.24,0.3333,0.75,0.0,1,0.8,0.173,0.25,0.0,0.0,0.0,0.25,0.25,0.75,1,0.25,0.45,0.3333,0,0.7398,0.00735,1.0,0.4411,0.6,0.141,0.125,0.6666666666666666,0.2611,0.5470625,0.3587533333333333
Implementation of LMMAs in progress,Mangrove,Mahajamba,Sofia,Port_Berger,Tsinjoarivo,D034,1,0.93,1.0,0.1569,0,0.3676,0.0,0.0,1,1,1,0.14,0.3333,0.25,0.0,1,0.0,0.062,0.25,0.0,0.3333,0.0,0.25,0.75,0.75,1,0.25,0.7,0.3333,1,0.771725,0.0919,1.0,0.2411,0.3333333333333333,0.104,0.333325,0.6666666666666666,0.6777666666666665,0.5261812499999999,0.4230183333333333
Implementation of LMMAs in progress,Mangrove,Mahajamba,Sofia,Port_Berger,Tsinjoarivo,D035,1,0.91,1.0,0.0,0,0.2206,0.5,0.5,1,0,1,0.06,0.4167,0.75,0.0,1,0.0,0.1023,0.25,0.0,0.3333,0.75,0.0,0.25,0.25,0,0.25,0.7,0.3333,1,0.7275,0.30515000000000003,0.6666666666666666,0.40890000000000004,0.3333333333333333,0.11743333333333333,0.333325,0.16666666666666666,0.6777666666666665,0.5270541666666667,0.32570499999999997
Implementation of LMMAs in progress,Mangrove,Mahajamba,Sofia,Port_Berger,Tsinjoarivo,D036,1,0.9,1.0,0.0588,0,0.1324,0.0,0.0,1,1,1,0.04,0.3333,0.75,0.25,1,0.0,0.0542,0.25,0.0,0.3333,0.0,0.0,0.25,0.25,0,0.0833,0.6,0.8333,1,0.7397,0.0331,1.0,0.37443333333333334,0.4166666666666667,0.1014,0.14582499999999998,0.11109999999999999,0.8111,0.5368083333333333,0.3172183333333333
Implementation of LMMAs in progress,Mangrove,Mahajamba,Sofia,Port_Berger,Tsinjoarivo,D037,1,0.88,1.0,0.0588,0,0.2941,0.5714,0.5714,1,1,0,0.2,0.4167,0.75,0.0,1,0.0,0.0846,0.25,0.0,0.3333,0.0,0.0,0.25,0.25,0,0.0833,0.7,1.0,1,0.7347,0.359225,0.6666666666666666,0.4555666666666667,0.3333333333333333,0.11153333333333333,0.14582499999999998,0.11109999999999999,0.9,0.5540395833333334,0.32035833333333336
Implementation of LMMAs in progress,Mangrove,Mahajamba,Sofia,Port_Berger,Tsinjoarivo,D038,1,0.97,1.0,0.1373,0,0.1029,0.5,0.5,1,1,0,0.14,0.3333,0.75,0.0,1,0.0,0.2623,0.25,0.0,0.3333,0.0,0.0,0.25,0.75,1,0.3333,0.7,0.5,1,0.776825,0.275725,0.6666666666666666,0.40776666666666667,0.3333333333333333,0.17076666666666665,0.14582499999999998,0.6944333333333333,0.7333333333333334,0.5317458333333334,0.4155383333333333
Implementation of LMMAs in progress,Mangrove,Mahajamba,Sofia,Port_Berger,Tsinjoarivo,D039,1,0.95,1.0,0.3725,0,0.5294,0.6,0.6,1,0,0,0.36,0.4167,0.75,0.25,1,1.0,0.158,0.25,0.0,0.3333,0.75,0.0,0.25,0.25,1,0.0833,0.7,0.5,1,0.8306250000000001,0.43235,0.3333333333333333,0.5089,0.75,0.136,0.333325,0.4444333333333333,0.7333333333333334,0.5263020833333333,0.4794183333333333
Well established LMMAs,Mangrove,Sahamalaza,Sofia,Analalava,Antafiatambalaka,D040,1,0.94,0.625,0.5686,0,0.4265,0.0,0.3333,1,1,0,0.62,0.3333,0.75,1.0,1,0.8,0.3455,0.5,1.0,0.6667,0.0,0.0,0.25,0.75,1,0.75,0.65,1.0,0,0.7834,0.18995,0.6666666666666666,0.5677666666666666,0.9333333333333332,0.6151666666666666,0.229175,0.8333333333333334,0.5499999999999999,0.5519458333333332,0.6322016666666666
Well established LMMAs,Mangrove,Sahamalaza,Sofia,Analalava,Antafiatambalaka,D041,1,0.95,1.0,0.0392,0,0.0294,0.0,0.5,1,0,0,0.14,0.3333,0.25,0.25,1,0.8,0.023,0.5,0.0,0.0,0.75,0.0,0.75,0.75,1,0.75,0.75,0.8333,1,0.7473000000000001,0.13235,0.3333333333333333,0.2411,0.6833333333333332,0.17433333333333334,0.375,0.8333333333333334,0.8611,0.36352083333333335,0.5854199999999999
Well established LMMAs,Mangrove,Sahamalaza,Sofia,Analalava,Antafiatambalaka,D042,1,0.96,1.0,0.1176,0,0.3382,0.0,0.0,1,0,0,0.1,0.2083,0.75,0.5,1,0.8,0.1435,0.5,0.0,0.0,0.75,0.0,0.25,0.75,1,0.75,0.75,0.8333,1,0.7694,0.08455,0.3333333333333333,0.3527666666666667,0.7666666666666666,0.2145,0.25,0.8333333333333334,0.8611,0.3850125,0.5851200000000001
Well established LMMAs,Mangrove,Sahamalaza,Sofia,Analalava,Antafiatambalaka,D043,1,0.97,1.0,0.0,0,0.0,0.0,0.0,1,0,1,0.02,0.2083,0.5,0.25,1,0.2,0.0063,0.5,0.0,0.3333,0.75,0.0,0.5,0.25,0,0.25,0.65,1.0,1,0.7424999999999999,0.0,0.6666666666666666,0.24276666666666666,0.48333333333333334,0.16876666666666665,0.395825,0.16666666666666666,0.8833333333333333,0.4129833333333333,0.419585
Well established LMMAs,Mangrove,Sahamalaza,Sofia,Analalava,Antafiatambalaka,D044,1,0.97,1.0,0.0196,0,0.0147,0.5,0.75,1,1,1,0.24,0.2083,0.75,0.0,1,0.8,0.3689,0.5,0.0,0.0,0.0,0.0,0.25,0.25,1,0.25,0.65,0.8333,1,0.7474,0.316175,1.0,0.39943333333333336,0.6,0.28963333333333335,0.0625,0.5,0.8277666666666667,0.6157520833333334,0.45598
Well established LMMAs,Mangrove,Sahamalaza,Sofia,Analalava,Antafiatambalaka,D045,1,0.95,1.0,0.0196,0,0.0147,0.5,0.5,1,1,1,0.08,0.2083,0.25,0.25,1,0.0,0.27,0.5,0.0,0.0,0.0,0.0,0.75,0.25,1,0.0833,0.45,1.0,1,0.7424000000000001,0.253675,1.0,0.17943333333333333,0.4166666666666667,0.25666666666666665,0.1875,0.4444333333333333,0.8166666666666668,0.5438770833333333,0.42438666666666663
Well established LMMAs,"Coral_reef,_Seagrass_bed,_Mangrove",Sahamalaza,Sofia,Analalava,Lagnamena,D046,1,0.9,1.0,1.0,0,1.0,0.5,0.5,1,0,1,1.0,0.2083,0.75,0.0,1,0.0,0.1385,0.25,0.0,0.3333,0.75,0.25,0.25,0.75,1,0.75,0.75,1.0,1,0.975,0.5,0.6666666666666666,0.6527666666666666,0.3333333333333333,0.1295,0.395825,0.8333333333333334,0.9166666666666666,0.6986083333333333,0.5217316666666666
Well established LMMAs,"Coral_reef,_Seagrass_bed,_Mangrove",Sahamalaza,Sofia,Analalava,Lagnamena,D047,1,0.98,1.0,0.6275,0,0.7206,0.4,0.6,1,0,1,0.62,0.2083,0.75,0.0,1,0.4,0.4961,0.25,0.0,0.3333,0.75,0.0,0.25,0.75,1,0.5833,0.55,1.0,0,0.901875,0.43015000000000003,0.6666666666666666,0.5261,0.4666666666666666,0.2487,0.333325,0.7777666666666666,0.5166666666666667,0.6311979166666667,0.46862499999999996
Well established LMMAs,"Coral_reef,_Seagrass_bed,_Mangrove",Sahamalaza,Sofia,Analalava,Lagnamena,D048,1,0.94,1.0,0.1961,0,0.3971,0.3333,0.3333,0,1,0,0.18,0.0833,0.25,0.25,1,0.6,0.1008,0.25,0.0,0.3333,0.0,0.0,0.75,0.75,0,0.75,0.35,1.0,1,0.784025,0.26592499999999997,0.3333333333333333,0.1711,0.6166666666666667,0.11693333333333333,0.270825,0.5,0.7833333333333333,0.3885958333333333,0.45755166666666663
Well established LMMAs,"Coral_reef,_Seagrass_bed,_Mangrove",Sahamalaza,Sofia,Analalava,Lagnamena,D049,1,0.98,1.0,0.2549,0,0.4412,0.6,0.6,1,0,1,0.24,0.2083,0.25,0.0,1,0.6,0.1684,0.25,0.0,0.3333,0.75,0.0,0.75,0.75,1,0.5833,0.75,1.0,1,0.808725,0.4103,0.6666666666666666,0.23276666666666668,0.5333333333333333,0.13946666666666666,0.458325,0.7777666666666666,0.9166666666666666,0.5296145833333333,0.5651116666666666
Well established LMMAs,"Coral_reef,_Seagrass_bed,_Mangrove",Sahamalaza,Sofia,Analalava,Lagnamena,D050,1,0.97,1.0,0.1373,1,0.3529,0.6667,0.6667,1,1,1,0.12,0.2083,0.25,0.25,1,0.0,0.0627,0.25,0.0,0.3333,0.0,0.0,0.75,0.75,1,0.75,0.55,1.0,1,0.776825,0.671575,1.0,0.19276666666666667,0.4166666666666667,0.10423333333333333,0.270825,0.8333333333333334,0.85,0.6602916666666666,0.49501166666666674
Well established LMMAs,"Coral_reef,_Seagrass_bed,_Mangrove",Sahamalaza,Sofia,Analalava,Lagnamena,D051,1,1.0,1.0,0.0196,0,0.2647,0.0,0.25,1,0,1,0.0,0.2083,0.25,0.25,1,0.0,0.1232,0.25,0.0,0.3333,0.75,0.0,0.75,0.25,1,0.75,0.65,1.0,1,0.7549,0.12867499999999998,0.6666666666666666,0.1527666666666667,0.4166666666666667,0.1244,0.458325,0.6666666666666666,0.8833333333333333,0.4257520833333333,0.5098783333333333
Well established LMMAs,"Coral_reef,_Seagrass_bed,_Mangrove",Sahamalaza,Sofia,Analalava,Lagnamena,D052,1,1.0,1.0,0.0784,0,0.3088,0.3333,0.3333,1,0,1,0.06,0.2083,0.25,0.25,1,0.0,0.0562,0.25,0.0,0.6667,0.75,0.0,0.75,0.75,0,0.5833,0.75,1.0,1,0.7696,0.24385,0.6666666666666666,0.17276666666666665,0.4166666666666667,0.10206666666666668,0.541675,0.4444333333333333,0.9166666666666666,0.46322083333333336,0.48430166666666663
Well established LMMAs,"Coral_reef,_Seagrass_bed,_Mangrove",Sahamalaza,Sofia,Analalava,Lagnamena,D053,1,1.0,1.0,0.4314,1,0.5735,0.5,0.0,1,0,1,0.42,0.2083,0.25,0.0,1,0.0,0.0146,0.25,0.0,0.3333,0.75,0.0,0.75,0.25,1,0.25,0.65,1.0,1,0.85785,0.518375,0.6666666666666666,0.2927666666666667,0.3333333333333333,0.0882,0.458325,0.5,0.8833333333333333,0.5839145833333333,0.45263833333333336
Well established LMMAs,"Coral_reef,_Seagrass_bed,_Mangrove",Sahamalaza,Sofia,Analalava,Lagnamena,D054,1,1.0,1.0,0.0784,0,0.0588,0.5,0.5,1,1,1,0.16,0.2083,0.25,0.0,1,0.8,0.0572,0.25,0.0,0.3333,0.0,0.0,0.75,0.75,1,0.5833,0.25,1.0,1,0.7696,0.2647,1.0,0.20610000000000003,0.6,0.1024,0.270825,0.7777666666666666,0.75,0.5601,0.5001983333333333
Well established LMMAs,"Coral_reef,_Seagrass_bed,_Mangrove",Sahamalaza,Sofia,Analalava,Lagnamena,D055,1,1.0,0.5833,0.1569,0,0.1176,0.3333,0.3333,1,0,1,0.2,0.2083,0.25,0.5,1,0.2,0.2776,0.25,0.0,0.3333,0.75,0.0,0.75,0.75,1,0.5833,0.45,1.0,1,0.6850499999999999,0.19605,0.6666666666666666,0.21943333333333334,0.5666666666666667,0.1758666666666667,0.458325,0.7777666666666666,0.8166666666666668,0.44179999999999997,0.5590583333333334
Well established LMMAs,"Coral_reef,_Seagrass_bed,_Mangrove",Sahamalaza,Sofia,Analalava,Maromanjo,D056,1,0.97,1.0,0.1373,0,0.3529,0.3333,0.3333,1,0,1,0.12,0.2083,0.25,0.5,1,0.8,0.0135,0.0,0.0,0.3333,0.75,0.0,0.75,0.75,1,0.25,0.45,1.0,1,0.776825,0.25487499999999996,0.6666666666666666,0.19276666666666667,0.7666666666666666,0.0045,0.458325,0.6666666666666666,0.8166666666666668,0.4727833333333333,0.542565
Well established LMMAs,"Coral_reef,_Seagrass_bed,_Mangrove",Sahamalaza,Sofia,Analalava,Maromanjo,D057,1,0.98,1.0,0.0588,0,0.2941,0.5,0.5,1,0,1,0.48,0.3333,0.25,0.25,1,0.8,0.7402,0.0,0.0,0.3333,0.75,0.25,0.75,0.75,0,0.75,0.75,1.0,1,0.7597,0.323525,0.6666666666666666,0.3544333333333333,0.6833333333333332,0.24673333333333333,0.520825,0.5,0.9166666666666666,0.52608125,0.5735116666666666
Well established LMMAs,"Coral_reef,_Seagrass_bed,_Mangrove",Sahamalaza,Sofia,Analalava,Maromanjo,D058,1,0.98,1.0,0.1961,0,0.3971,0.3333,0.3333,1,1,1,0.18,0.2083,0.25,0.0,1,0.8,0.0124,0.0,0.0,0.3333,0.0,0.0,0.75,0.75,0,0.75,0.65,1.0,1,0.794025,0.26592499999999997,1.0,0.21276666666666666,0.6,0.0041333333333333335,0.270825,0.5,0.8833333333333333,0.5681791666666666,0.45165833333333333
Well established LMMAs,"Coral_reef,_Seagrass_bed,_Mangrove",Sahamalaza,Sofia,Analalava,Maromanjo,D059,1,0.95,1.0,0.0392,0,0.2794,0.3333,0.3333,1,1,1,0.02,0.3333,0.75,0.25,1,0.8,0.0124,0.0,0.0,0.3333,0.0,0.0,0.25,0.75,1,0.75,0.7,1.0,1,0.7473000000000001,0.2365,1.0,0.36776666666666663,0.6833333333333332,0.0041333333333333335,0.14582499999999998,0.8333333333333334,0.9,0.5878916666666667,0.5133249999999999
Well established LMMAs,"Coral_reef,_Seagrass_bed,_Mangrove",Sahamalaza,Sofia,Analalava,Maromanjo,D060,1,0.98,1.0,0.2157,0,0.4118,0.6,-3.4,1,0,1,0.2,0.2083,0.75,0.0,1,0.0,0.0219,0.0,0.0,0.3333,0.75,0.25,0.25,0.75,0,0.75,0.65,1.0,1,0.798925,-0.59705,0.6666666666666666,0.38610000000000005,0.3333333333333333,0.0073,0.395825,0.5,0.8833333333333333,0.31366041666666666,0.4239583333333333
Well established LMMAs,"Coral_reef,_Seagrass_bed,_Mangrove",Sahamalaza,Sofia,Analalava,Maromanjo,D061,1,0.85,1.0,0.9216,0,0.6912,0.6,0.9,1,1,1,0.58,0.2083,0.75,0.25,1,1.0,0.6954,0.0,1.0,0.3333,0.0,0.0,0.25,0.75,0,0.75,0.65,1.0,1,0.9429000000000001,0.5478,1.0,0.5127666666666667,0.75,0.5651333333333334,0.14582499999999998,0.5,0.8833333333333333,0.7508666666666667,0.5688583333333332
Well established LMMAs,Mangrove,Sahamalaza,Sofia,Analalava,Analanabe,D062,1,0.95,1.0,0.0588,0,0.0441,0.0,0.0,1,1,1,0.26,0.2083,0.25,0.0,1,0.0,0.0327,0.5,0.0,0.0,0.0,0.0,0.75,0.75,1,0.6667,0.75,1.0,1,0.7522000000000001,0.011025,1.0,0.23943333333333336,0.3333333333333333,0.17756666666666665,0.1875,0.8055666666666667,0.9166666666666666,0.5006645833333333,0.4841266666666666
Well established LMMAs,Mangrove,Sahamalaza,Sofia,Analalava,Analanabe,D063,1,0.97,1.0,0.0196,0,0.0147,0.0,0.0,0,0,1,0.02,0.3333,0.25,0.25,1,0.8,0.0221,0.5,0.0,0.0,0.75,0.0,0.75,0.75,1,0.75,0.75,1.0,0,0.7474,0.003675,0.3333333333333333,0.20109999999999997,0.6833333333333332,0.17403333333333335,0.375,0.8333333333333334,0.5833333333333334,0.3213770833333333,0.5298066666666668
Implementation of LMMAs in progress,Mangrove,Mahajamba,Boeny,Majunga_II,Andranoboka,E001,1,0.98,1.0,0.0,0,0.0,0.4,0.8,0,1,0,0.08,0.2083,0.75,1.0,1,0.0,0.304,0.5,0.0,0.3333,0.0,1.0,0.25,0.75,1,0.1667,0.85,0.5,1,0.745,0.30000000000000004,0.3333333333333333,0.3461,0.6666666666666666,0.268,0.395825,0.6389,0.7833333333333333,0.4311083333333333,0.550545
Implementation of LMMAs in progress,Mangrove,Mahajamba,Boeny,Majunga_II,Andranoboka,E002,1,0.98,1.0,0.2157,0,0.1618,0.5,0.75,0,0,0,0.54,0.2083,0.75,1.0,1,1.0,0.2885,0.5,0.0,0.3333,0.75,0.75,0.25,1.0,1,0.75,0.75,0.6667,0,0.798925,0.35295,0.0,0.49943333333333334,1.0,0.2628333333333333,0.520825,0.9166666666666666,0.47223333333333334,0.41282708333333334,0.6345116666666667
Implementation of LMMAs in progress,Mangrove,Mahajamba,Boeny,Majunga_II,Andranoboka,E003,1,0.98,1.0,0.2157,0,0.1618,0.6,0.8,0,0,1,0.46,0.2083,0.75,0.0,1,1.0,0.0327,0.5,0.0,0.3333,0.75,0.5,0.25,0.75,1,0.9167,0.75,0.6667,1,0.798925,0.39045,0.3333333333333333,0.4727666666666666,0.6666666666666666,0.17756666666666665,0.458325,0.8889,0.8055666666666667,0.49886874999999997,0.599405
Implementation of LMMAs in progress,Mangrove,Mahajamba,Boeny,Majunga_II,Andranoboka,E004,1,0.98,1.0,0.3725,0,0.2794,0.625,0.625,0,0,1,0.6,0.2083,0.25,0.75,1,0.8,0.1384,0.5,0.0,0.3333,1.0,0.25,0.75,0.75,1,0.9167,0.85,0.6667,0,0.838125,0.38234999999999997,0.3333333333333333,0.3527666666666667,0.85,0.2128,0.583325,0.8889,0.5055666666666666,0.47664375,0.6081183333333333
Implementation of LMMAs in progress,Mangrove,Mahajamba,Boeny,Majunga_II,Andranoboka,E005,1,0.97,1.0,0.0392,0,0.0294,0.75,0.5,0,0,0,0.4,0.2083,1.0,0.0,1,1.0,0.0129,0.5,0.0,0.3333,0.75,0.5,0.0,1.0,0,0.75,0.85,1.0,0,0.7523,0.31984999999999997,0.0,0.5361,0.6666666666666666,0.17096666666666668,0.395825,0.5833333333333334,0.6166666666666667,0.4020625,0.48669166666666663
Implementation of LMMAs in progress,Mangrove,Mahajamba,Boeny,Majunga_II,Andranoboka,E006,1,1.0,1.0,0.0,0,0.2353,0.25,0.75,0,1,0,0.06,0.3333,0.75,0.25,1,0.0,0.145,0.5,0.0,0.0,0.0,0.0,0.25,0.25,0,0.0833,0.85,0.0,0,0.75,0.308825,0.3333333333333333,0.3811,0.4166666666666667,0.215,0.0625,0.11109999999999999,0.2833333333333333,0.44331458333333335,0.21772
Implementation of LMMAs in progress,Mangrove,Mahajamba,Boeny,Majunga_II,Andranoboka,E007,1,1.0,1.0,0.1176,0,0.3382,0.5,0.5,0,0,0,0.16,0.3333,0.75,0.0,1,1.0,0.3978,0.5,0.0,0.3333,0.75,0.0,0.25,0.25,0,0.3333,0.75,0.8333,1,0.7794,0.33455,0.0,0.4144333333333334,0.6666666666666666,0.2992666666666666,0.333325,0.19443333333333332,0.8611,0.38209583333333336,0.47095833333333326
Implementation of LMMAs in progress,Mangrove,Mahajamba,Boeny,Majunga_II,Andranoboka,E008,1,0.99,1.0,0.0,0,0.0,0.75,0.75,0,0,0,0.4,0.4583,0.25,0.75,1,0.0,0.3967,0.5,0.0,0.3333,0.75,0.25,0.75,0.75,1,0.3333,0.85,0.5,0,0.7475,0.375,0.0,0.36943333333333334,0.5833333333333334,0.2989,0.520825,0.6944333333333333,0.45,0.37298333333333333,0.5094983333333334
Implementation of LMMAs in progress,Mangrove,Mahajamba,Boeny,Majunga_II,Andranoboka,E009,1,0.96,1.0,0.1569,0,0.3676,0.7143,0.7143,0,0,0,0.14,0.3333,0.75,0.0,1,0.0,0.4138,0.5,0.0,0.3333,0.75,0.5,0.25,0.75,0,0.5833,0.65,1.0,1,0.779225,0.44905000000000006,0.0,0.40776666666666667,0.3333333333333333,0.3046,0.458325,0.4444333333333333,0.8833333333333333,0.40901041666666665,0.4848049999999999
Implementation of LMMAs in progress,Mangrove,Mahajamba,Boeny,Majunga_II,Andranoboka,E010,1,0.9,1.0,0.0392,0,0.0294,0.3333,0.6667,0,1,0,0.02,0.3333,0.75,0.25,1,0.0,0.3978,0.5,0.0,0.0,0.0,0.0,0.25,0.75,0,0.5,0.85,1.0,1,0.7348,0.25734999999999997,0.3333333333333333,0.36776666666666663,0.4166666666666667,0.2992666666666666,0.0625,0.4166666666666667,0.9500000000000001,0.4233125,0.42902000000000007
Implementation of LMMAs in progress,Mangrove,Mahajamba,Boeny,Majunga_II,Andranoboka,E011,1,0.99,1.0,0.4314,0,0.5735,0.8182,0.8182,0,1,0,0.42,0.3333,0.75,0.0,1,0.0,0.0836,0.5,0.0,0.3333,0.0,0.25,0.25,0.75,1,0.5,0.85,1.0,0,0.85535,0.552475,0.3333333333333333,0.5011,0.3333333333333333,0.19453333333333334,0.20832499999999998,0.75,0.6166666666666667,0.5605645833333334,0.4205716666666667
Implementation of LMMAs in progress,Mangrove,Mahajamba,Boeny,Majunga_II,Andranoboka,E012,1,0.98,1.0,0.1765,0,0.1324,0.75,0.75,1,1,1,0.32,0.4583,0.75,0.0,1,0.0,0.1323,0.5,0.0,0.0,0.0,0.0,0.25,0.25,0,0.0833,0.75,1.0,0,0.789125,0.4081,1.0,0.5094333333333333,0.3333333333333333,0.21076666666666666,0.0625,0.11109999999999999,0.5833333333333334,0.6766645833333333,0.26020666666666664
Implementation of LMMAs in progress,Mangrove,Mahajamba,Boeny,Majunga_II,Andranoboka,E013,1,1.0,1.0,0.1176,0,0.0882,0.3333,0.3333,1,1,1,0.2,0.4583,0.75,0.0,1,0.0,0.02,0.5,0.0,0.3333,0.0,0.0,0.25,0.75,0,0.5,0.85,1.0,0,0.7794,0.18869999999999998,1.0,0.46943333333333337,0.3333333333333333,0.17333333333333334,0.14582499999999998,0.4166666666666667,0.6166666666666667,0.6093833333333334,0.337165
Implementation of LMMAs in progress,Mangrove,Mahajamba,Boeny,Majunga_II,Andranoboka,E014,1,0.99,1.0,0.0196,1,0.0147,0.5,0.5,1,1,1,0.38,0.4583,0.75,0.0,1,0.0,0.0211,0.5,0.0,0.3333,0.0,0.0,0.25,0.25,0,0.0833,0.85,1.0,0,0.7524000000000001,0.503675,1.0,0.5294333333333333,0.3333333333333333,0.1737,0.14582499999999998,0.11109999999999999,0.6166666666666667,0.6963770833333334,0.276125
Implementation of LMMAs in progress,Mangrove,Mahajamba,Boeny,Majunga_II,Andranoboka,E015,1,0.92,1.0,0.6275,0,0.7206,0.3333,0.3333,0,1,1,0.62,0.4583,0.75,0.0,1,0.0,0.0482,0.5,0.0,0.3333,0.0,0.5,0.25,0.75,0,0.4167,0.75,1.0,0,0.886875,0.3468,0.6666666666666666,0.6094333333333334,0.3333333333333333,0.18273333333333333,0.270825,0.3889,0.5833333333333334,0.62744375,0.351825
Implementation of LMMAs in progress,Mangrove,Mahajamba,Boeny,Majunga_II,Andranoboka,E016,1,0.99,1.0,0.4118,0,0.5588,0.3333,0.6667,0,0,1,0.4,0.4583,0.75,0.0,1,0.0,0.0482,0.5,0.0,0.3333,0.75,0.25,0.25,0.75,1,0.5,0.75,1.0,1,0.85045,0.38969999999999994,0.3333333333333333,0.5361,0.3333333333333333,0.18273333333333333,0.395825,0.75,0.9166666666666666,0.5273958333333333,0.5157116666666666
Implementation of LMMAs in progress,Mangrove,Mahajamba,Boeny,Majunga_II,Andranoboka,E017,1,0.99,1.0,0.6667,0,0.5,0.5,0.8333,0,1,1,0.78,0.4583,0.75,0.0,1,0.0,0.1124,0.5,0.0,0.3333,0.0,0.5,0.25,0.75,1,0.4167,0.85,1.0,0,0.9141750000000001,0.458325,0.6666666666666666,0.6627666666666666,0.3333333333333333,0.20413333333333336,0.270825,0.7222333333333334,0.6166666666666667,0.6754833333333333,0.4294383333333333
Implementation of LMMAs in progress,Mangrove,Mahajamba,Boeny,Majunga_II,Andranoboka,E018,1,0.98,1.0,0.098,0,0.0735,0.6667,0.8333,0,1,1,0.42,0.4583,0.75,0.0,1,0.0,0.0709,0.5,0.0,0.3333,0.0,0.5,0.25,0.75,1,0.3333,0.85,1.0,0,0.7695,0.39337500000000003,0.6666666666666666,0.5427666666666666,0.3333333333333333,0.1903,0.270825,0.6944333333333333,0.6166666666666667,0.5930770833333333,0.42111166666666666
Implementation of LMMAs in progress,Mangrove,Mahajamba,Boeny,Majunga_II,Andranoboka,E019,1,0.98,1.0,0.0,0,0.0,0.5,0.5,0,1,0,0.18,0.4583,0.75,0.25,1,0.0,0.1699,0.5,0.0,0.3333,0.0,0.5,0.25,0.75,1,0.4167,0.85,1.0,1,0.745,0.25,0.3333333333333333,0.4627666666666667,0.4166666666666667,0.22329999999999997,0.270825,0.7222333333333334,0.9500000000000001,0.44777500000000003,0.516605
Implementation of LMMAs in progress,Mangrove,Mahajamba,Boeny,Majunga_II,Andranoboka,E020,1,0.99,1.0,0.3922,1,0.5441,0.75,0.75,0,1,0,0.38,0.2083,0.75,0.0,1,0.0,0.0619,0.5,0.0,0.3333,0.0,0.25,0.25,0.75,0,0.25,0.85,1.0,0,0.84555,0.7610250000000001,0.3333333333333333,0.4461,0.3333333333333333,0.1873,0.20832499999999998,0.3333333333333333,0.6166666666666667,0.5965020833333333,0.33579166666666665
Implementation of LMMAs in progress,Mangrove,Mahajamba,Boeny,Majunga_II,Andranoboka,E021,1,0.98,1.0,0.3137,0,0.4853,0.3333,0.3333,0,1,1,0.3,0.4583,0.25,0.0,1,1.0,0.4561,0.5,0.0,0.3333,0.0,0.25,0.75,0.25,1,0.3333,0.85,0.6667,0,0.823425,0.287975,0.6666666666666666,0.3361,0.6666666666666666,0.3187,0.333325,0.5277666666666666,0.5055666666666666,0.5285416666666667,0.47040499999999996
Implementation of LMMAs in progress,Mangrove,Mahajamba,Boeny,Majunga_II,Andranoboka,E022,1,0.99,1.0,0.2549,1,0.4412,0.3333,0.3333,0,1,0,0.24,0.3333,0.75,0.0,1,0.0,0.97,0.5,0.0,0.3333,0.0,0.25,0.25,0.75,1,0.4167,0.85,1.0,0,0.8112250000000001,0.52695,0.3333333333333333,0.4411,0.3333333333333333,0.49,0.20832499999999998,0.7222333333333334,0.6166666666666667,0.5281520833333333,0.47411166666666665
Implementation of LMMAs in progress,Mangrove,Mahajamba,Boeny,Majunga_II,Andranoboka,E023,1,0.95,1.0,0.1961,0,0.1471,0.625,0.75,0,1,1,0.18,0.4583,0.75,0.25,1,0.8,0.39,0.5,0.0,0.3333,0.0,0.0,0.25,0.25,0,0.25,0.85,1.0,0,0.786525,0.380525,0.6666666666666666,0.4627666666666667,0.6833333333333332,0.2966666666666667,0.14582499999999998,0.16666666666666666,0.6166666666666667,0.5741208333333333,0.3818316666666667
Implementation of LMMAs in progress,Mangrove,Mahajamba,Sofia,Majunga_II,Besakoa,E024,1,0.94,1.0,0.2941,0,0.2206,0.5,0.5,0,0,1,0.62,0.0833,0.25,0.0,1,1.0,0.496,0.75,0.0,0.6667,1.0,0.25,0.75,0.75,1,0.4167,0.75,1.0,0,0.8085249999999999,0.30515000000000003,0.3333333333333333,0.3177666666666667,0.6666666666666666,0.41533333333333333,0.666675,0.7222333333333334,0.5833333333333334,0.44119375,0.6108483333333334
Implementation of LMMAs in progress,Mangrove,Mahajamba,Sofia,Majunga_II,Besakoa,E025,1,0.97,1.0,0.4706,0,0.6029,0.75,0.75,0,0,1,0.46,0.3333,0.75,0.0,1,0.8,0.2527,0.75,0.0,0.3333,0.75,0.75,0.25,0.25,0,0.25,0.75,1.0,0,0.86015,0.525725,0.3333333333333333,0.5144333333333333,0.6,0.3342333333333333,0.520825,0.16666666666666666,0.5833333333333334,0.5584104166666666,0.44101166666666664
Implementation of LMMAs in progress,Mangrove,Mahajamba,Sofia,Majunga_II,Besakoa,E026,1,0.97,1.0,0.3529,0,0.5147,0.6667,0.6667,0,0,1,0.34,0.4583,0.5,0.25,1,0.0,0.0918,0.75,0.0,0.3333,0.75,0.0,0.5,0.75,1,0.25,0.75,1.0,1,0.8307249999999999,0.462025,0.3333333333333333,0.4327666666666667,0.4166666666666667,0.2806,0.395825,0.6666666666666666,0.9166666666666666,0.5147124999999999,0.5352849999999999
Implementation of LMMAs in progress,Mangrove,Mahajamba,Sofia,Majunga_II,Besakoa,E027,1,0.97,1.0,0.2745,0,0.2059,0.5556,0.6667,0,0,1,0.74,0.3333,0.25,0.0,1,1.0,0.073,0.75,0.0,0.3333,0.75,0.0,0.75,0.75,0,0.6667,0.75,1.0,1,0.811125,0.35705,0.3333333333333333,0.4411,0.6666666666666666,0.2743333333333333,0.458325,0.47223333333333334,0.9166666666666666,0.4856520833333333,0.557645
Implementation of LMMAs in progress,Mangrove,Mahajamba,Sofia,Majunga_II,Besakoa,E028,1,0.98,1.0,0.1176,0,0.3382,0.4286,0.5714,0,0,1,0.6,0.0833,0.25,0.25,1,0.0,0.1416,0.75,0.0,0.0,0.75,0.25,0.75,1.0,0,0.8333,0.75,1.0,1,0.7744,0.33455,0.3333333333333333,0.3111,0.4166666666666667,0.29719999999999996,0.4375,0.6111,0.9166666666666666,0.4383458333333333,0.5358266666666667
Implementation of LMMAs in progress,Mangrove,Mahajamba,Sofia,Majunga_II,Besakoa,E029,1,0.96,1.0,0.1765,1,0.1324,0.625,0.75,1,0,1,0.32,0.3333,0.25,0.25,1,0.0,0.2474,0.75,0.0,0.3333,0.75,0.25,0.75,0.75,1,0.25,0.75,1.0,1,0.784125,0.62685,0.6666666666666666,0.3011,0.4166666666666667,0.3324666666666667,0.520825,0.6666666666666666,0.9166666666666666,0.5946854166666666,0.5706583333333333
Implementation of LMMAs in progress,Mangrove,Mahajamba,Sofia,Majunga_II,Besakoa,E030,1,0.98,1.0,0.098,1,0.0735,0.6667,0.7778,1,0,0,0.36,0.3333,0.25,0.0,1,1.0,0.496,0.75,0.0,0.3333,0.75,0.25,0.75,0.75,1,0.3333,0.65,1.0,1,0.7695,0.6295,0.3333333333333333,0.31443333333333334,0.6666666666666666,0.41533333333333333,0.520825,0.6944333333333333,0.8833333333333333,0.5116916666666667,0.6361183333333333
Implementation of LMMAs in progress,Mangrove,Mahajamba,Sofia,Majunga_II,Besakoa,E031,1,0.9,1.0,0.1765,0,0.1324,0.0,0.5,1,1,1,0.12,0.0833,0.5,0.0,1,0.0,0.0801,0.75,0.0,0.3333,0.0,0.25,0.5,0.75,0,0.4167,0.75,1.0,0,0.769125,0.1581,1.0,0.23443333333333335,0.3333333333333333,0.2767,0.270825,0.3889,0.5833333333333334,0.5404145833333334,0.3706183333333334
Implementation of LMMAs in progress,Mangrove,Mahajamba,Boeny,Majunga_II,Besakoa,E032,1,0.96,1.0,0.1961,0,0.1471,0.4545,0.6364,1,0,1,0.72,0.3333,0.25,0.25,1,0.2,0.1866,0.75,0.0,0.3333,0.75,0.25,0.75,0.25,0,0.4167,0.8,1.0,0,0.789025,0.3095,0.6666666666666666,0.4344333333333333,0.48333333333333334,0.3122,0.520825,0.22223333333333337,0.6,0.5499062499999999,0.4277183333333333
Implementation of LMMAs in progress,Mangrove,Mahajamba,Sofia,Port_Berger,Tsinjoarivo,E033,1,0.99,1.0,0.0784,0,0.0588,0.5,0.75,0,0,0,0.34,0.0833,0.25,0.0,1,0.0,0.079,0.25,0.0,0.3333,0.75,0.0,0.75,0.75,0,0.25,0.6,1.0,1,0.7671,0.3272,0.0,0.22443333333333335,0.3333333333333333,0.10966666666666668,0.458325,0.3333333333333333,0.8666666666666667,0.32968333333333333,0.420265
Implementation of LMMAs in progress,Mangrove,Mahajamba,Sofia,Port_Berger,Tsinjoarivo,E034,1,0.9,1.0,0.0588,0,0.0441,0.3333,0.3333,0,0,0,0.12,0.3333,0.5,0.25,1,0.0,0.1471,0.25,0.0,0.6667,0.75,0.0,0.5,0.75,1,0.25,0.6,1.0,0,0.7397,0.17767499999999997,0.0,0.3177666666666667,0.4166666666666667,0.13236666666666666,0.479175,0.6666666666666666,0.5333333333333333,0.3087854166666667,0.44564166666666666
Implementation of LMMAs in progress,Mangrove,Mahajamba,Sofia,Port_Berger,Tsinjoarivo,E035,1,0.99,1.0,0.5294,0,0.6471,0.5556,0.7778,0,0,0,0.52,0.3333,0.5,0.0,1,0.0,0.1246,0.25,0.0,0.3333,0.75,0.0,0.5,0.75,0,0.0833,0.6,1.0,0,0.87985,0.49512500000000004,0.0,0.4511,0.3333333333333333,0.12486666666666667,0.395825,0.27776666666666666,0.5333333333333333,0.45651875000000003,0.333025
Implementation of LMMAs in progress,Mangrove,Mahajamba,Sofia,Port_Berger,Tsinjoarivo,E036,1,0.99,1.0,0.7059,0,0.7794,0.3333,0.6667,1,0,0,0.7,0.3333,0.5,0.0,1,0.0,0.1267,0.25,0.0,0.3333,0.75,0.0,0.5,0.75,0,0.3333,0.6,1.0,0,0.923975,0.44484999999999997,0.3333333333333333,0.5111,0.3333333333333333,0.1255666666666667,0.395825,0.3611,0.5333333333333333,0.5533145833333333,0.34983166666666665
Implementation of LMMAs in progress,Mangrove,Mahajamba,Sofia,Port_Berger,Tsinjoarivo,E037,1,0.99,1.0,0.549,0,0.6618,0.4,0.6,1,0,0,0.54,0.3333,0.5,0.0,1,0.0,0.1196,0.25,0.0,0.3333,0.75,0.0,0.5,0.75,0,0.25,0.6,1.0,0,0.88475,0.41545,0.3333333333333333,0.45776666666666666,0.3333333333333333,0.12319999999999999,0.395825,0.3333333333333333,0.5333333333333333,0.522825,0.34380499999999997
Implementation of LMMAs in progress,Mangrove,Mahajamba,Sofia,Port_Berger,Tsinjoarivo,E038,1,0.99,1.0,0.3725,0,0.5294,0.6667,0.6667,1,0,1,0.36,0.3333,0.5,0.0,1,0.0,0.0907,0.25,0.0,0.3333,0.75,0.0,0.5,0.25,0,0.1667,0.6,1.0,0,0.8406250000000001,0.4657,0.6666666666666666,0.39776666666666666,0.3333333333333333,0.11356666666666666,0.395825,0.1389,0.5333333333333333,0.5926895833333333,0.30299166666666666
Implementation of LMMAs in progress,Mangrove,Mahajamba,Sofia,Port_Berger,Tsinjoarivo,E039,1,0.98,1.0,0.0392,0,0.2794,0.0,0.0,1,0,1,0.14,0.2083,0.5,0.0,1,0.0,0.073,0.25,0.0,0.3333,0.75,0.0,0.5,0.75,0,0.25,0.5,0.3333,1,0.7548,0.06985,0.6666666666666666,0.28276666666666667,0.3333333333333333,0.10766666666666667,0.395825,0.3333333333333333,0.6111,0.4435208333333333,0.35625166666666663
Implementation of LMMAs in progress,Mangrove,Mahajamba,Sofia,Port_Berger,Tsinjoarivo,E040,1,0.95,1.0,0.1569,0,0.1176,0.5,0.5,0,0,1,0.32,0.3333,0.5,0.25,1,0.8,0.205,0.25,0.0,0.3333,0.75,0.5,0.5,0.75,0,0.0833,0.65,0.3333,0,0.776725,0.2794,0.3333333333333333,0.38443333333333335,0.6833333333333332,0.15166666666666664,0.520825,0.27776666666666666,0.3277666666666667,0.44347291666666666,0.3922716666666667
Implementation of LMMAs in progress,Mangrove,Mahajamba,Sofia,Port_Berger,Tsinjoarivo,E041,1,0.97,1.0,0.1765,0,0.1324,0.5,0.5,1,0,0,0.18,0.3333,0.75,0.0,1,0.0,0.3606,0.25,0.0,0.3333,0.75,0.0,0.25,0.25,0,0.1667,0.6,0.3333,0,0.7866249999999999,0.2831,0.3333333333333333,0.42110000000000003,0.3333333333333333,0.20353333333333334,0.333325,0.1389,0.3111,0.45603958333333333,0.26403833333333326
Implementation of LMMAs in progress,Mangrove,Mahajamba,Sofia,Port_Berger,Tsinjoarivo,E042,1,0.99,1.0,0.0392,0,0.2794,0.3333,0.3333,1,0,1,0.02,0.2083,0.75,0.25,1,0.0,0.1731,0.25,0.0,0.3333,0.75,0.0,0.25,0.25,1,0.25,0.7,1.0,1,0.7573000000000001,0.2365,0.6666666666666666,0.3261,0.4166666666666667,0.14103333333333334,0.333325,0.5,0.9,0.4966416666666667,0.458205
Implementation of LMMAs in progress,Mangrove,Mahajamba,Sofia,Port_Berger,Tsinjoarivo,E043,1,0.99,1.0,0.4314,0,0.5735,0.625,0.75,1,0,1,0.42,0.2083,0.75,0.0,1,0.0,0.0915,0.25,0.0,0.3333,0.75,0.0,0.25,0.75,0,0.25,0.6,1.0,0,0.85535,0.48712500000000003,0.6666666666666666,0.4594333333333333,0.3333333333333333,0.11383333333333334,0.333325,0.3333333333333333,0.5333333333333333,0.61714375,0.3294316666666666
Implementation of LMMAs in progress,Mangrove,Mahajamba,Sofia,Port_Berger,Tsinjoarivo,E044,1,0.98,1.0,0.4314,0,0.5735,0.5,0.6667,1,0,1,0.42,0.3333,0.75,0.0,1,0.0,0.2151,0.25,0.0,0.3333,0.75,0.0,0.25,0.25,1,0.1667,0.5,1.0,0,0.85285,0.43505000000000005,0.6666666666666666,0.5011,0.3333333333333333,0.15503333333333333,0.333325,0.47223333333333334,0.5,0.6139166666666667,0.358785
Implementation of LMMAs in progress,Mangrove,Mahajamba,Sofia,Port_Berger,Tsinjoarivo,E045,1,0.99,1.0,0.0784,0,0.3088,0.3333,0.3333,1,0,0,0.06,0.3333,0.75,0.0,1,0.2,0.5067,0.25,0.0,0.3333,0.75,0.0,0.25,0.25,0,0.25,0.75,1.0,0,0.7671,0.24385,0.3333333333333333,0.3811,0.39999999999999997,0.25223333333333336,0.333325,0.16666666666666666,0.5833333333333334,0.4313458333333333,0.3471116666666667
Implementation of LMMAs in progress,Mangrove,Mahajamba,Sofia,Port_Berger,Tsinjoarivo,E046,1,0.98,1.0,0.0392,0,0.0294,0.3333,0.3333,1,1,1,0.1,0.0833,0.25,0.0,1,0.0,0.0306,0.25,0.0,0.3333,0.0,0.0,0.75,0.25,1,0.1667,0.75,1.0,0,0.7548,0.174,1.0,0.14443333333333333,0.3333333333333333,0.09353333333333334,0.270825,0.47223333333333334,0.5833333333333334,0.5183083333333334,0.35065166666666664
Implementation of LMMAs in progress,Mangrove,Mahajamba,Sofia,Port_Berger,Tsinjoarivo,E047,1,0.99,1.0,0.0784,0,0.0588,0.6,0.6,1,0,1,0.46,0.4583,0.25,0.25,1,0.8,0.2877,0.25,0.0,0.3333,1.0,0.0,0.75,0.75,0,0.25,0.65,1.0,0,0.7671,0.3147,0.6666666666666666,0.3894333333333333,0.6833333333333332,0.17923333333333336,0.520825,0.3333333333333333,0.5499999999999999,0.5344749999999999,0.45334499999999994
Implementation of LMMAs in progress,Mangrove,Mahajamba,Sofia,Port_Berger,Tsinjoarivo,E048,1,0.98,1.0,0.1373,0,0.3529,0.3333,0.3333,1,0,1,0.12,0.3333,0.5,0.25,1,0.8,0.096,0.25,0.0,0.3333,0.75,0.0,0.5,0.75,1,0.25,0.6,1.0,0,0.779325,0.25487499999999996,0.6666666666666666,0.3177666666666667,0.6833333333333332,0.11533333333333333,0.395825,0.6666666666666666,0.5333333333333333,0.5046583333333333,0.47889833333333326
Implementation of LMMAs in progress,Mangrove,Mahajamba,Sofia,Port_Berger,Tsinjoarivo,E049,1,0.98,1.0,0.2549,0,0.4412,0.5,0.5,1,0,0,0.24,0.3333,0.75,0.25,1,0.8,0.0879,0.25,0.0,0.3333,0.75,0.0,0.25,0.25,0,0.25,0.6,0.5,0,0.808725,0.3603,0.3333333333333333,0.4411,0.6833333333333332,0.11263333333333332,0.333325,0.16666666666666666,0.3666666666666667,0.4858645833333333,0.332525
Implementation of LMMAs in progress,Mangrove,Mahajamba,Sofia,Port_Berger,Tsinjoarivo,E050,1,0.98,1.0,0.2157,0,0.1912,0.6667,0.6667,1,1,1,0.2,0.4583,0.25,0.5,1,0.2,0.2903,0.25,0.0,0.3333,0.0,0.0,0.75,0.75,1,0.25,0.6,0.3333,0,0.798925,0.38115,1.0,0.3027666666666667,0.5666666666666667,0.1801,0.270825,0.6666666666666666,0.3111,0.6207104166666667,0.3990716666666666
Implementation of LMMAs in progress,Mangrove,Mahajamba,Sofia,Port_Berger,Tsinjoarivo,E051,1,0.99,1.0,0.0392,0,0.0294,0.3333,0.3333,1,0,1,0.28,0.4583,0.75,0.0,0,0.4,0.0481,0.25,0.0,0.6667,0.75,0.0,0.25,0.75,0,0.25,0.65,0.5,0,0.7573000000000001,0.174,0.6666666666666666,0.4961,0.13333333333333333,0.09936666666666666,0.416675,0.3333333333333333,0.3833333333333333,0.5235166666666666,0.27320833333333333
Implementation of LMMAs in progress,Mangrove,Mahajamba,Sofia,Port_Berger,Tsinjoarivo,E052,1,0.99,1.0,0.1176,0,0.0882,0.6667,0.6667,1,1,1,0.32,0.3333,0.5,0.0,1,0.8,0.21,0.25,0.0,0.3333,0.5,0.25,0.5,0.75,1,0.25,0.75,0.5,0,0.7769,0.35539999999999994,1.0,0.38443333333333335,0.6,0.15333333333333332,0.395825,0.6666666666666666,0.4166666666666667,0.6291833333333333,0.4464983333333333
Implementation of LMMAs in progress,Mangrove,Mahajamba,Sofia,Port_Berger,Tsinjoarivo,E053,1,0.98,1.0,0.4314,0,0.5735,0.6,0.6,1,0,0,0.42,0.3333,0.5,0.0,1,0.8,0.2662,0.25,0.0,0.3333,0.75,0.0,0.5,0.75,1,0.25,0.65,0.5,0,0.85285,0.44337499999999996,0.3333333333333333,0.4177666666666666,0.6,0.17206666666666667,0.395825,0.6666666666666666,0.3833333333333333,0.51183125,0.4435783333333333
Implementation of LMMAs in progress,Mangrove,Mahajamba,Sofia,Port_Berger,Tsinjoarivo,E054,1,0.98,1.0,0.8235,0,0.8676,0.3333,0.3333,0,1,1,0.82,0.3333,0.75,0.0,1,0.8,0.1926,0.25,0.0,0.3333,0.5,0.25,0.25,0.75,0,0.3333,0.75,1.0,1,0.950875,0.38355,0.6666666666666666,0.6344333333333333,0.6,0.14753333333333332,0.333325,0.3611,0.9166666666666666,0.65888125,0.471725
Implementation of LMMAs in progress,Mangrove,Mahajamba,Sofia,Port_Berger,Tsinjoarivo,E055,1,0.97,1.0,0.5686,0,0.6765,0.6667,0.6667,1,0,1,0.56,0.3333,0.5,0.0,1,0.8,0.1661,0.25,0.0,0.3333,0.75,0.25,0.5,0.75,1,0.25,0.75,0.6667,0,0.8846499999999999,0.502475,0.6666666666666666,0.4644333333333333,0.6,0.13870000000000002,0.458325,0.6666666666666666,0.47223333333333334,0.62955625,0.467185
Implementation of LMMAs in progress,Mangrove,Mahajamba,Sofia,Port_Berger,Tsinjoarivo,E056,1,0.7,1.0,0.1373,0,0.3529,0.3333,0.3333,0,0,1,0.12,0.2083,0.5,0.0,1,1.0,0.0248,0.25,0.0,0.3333,0.75,0.25,0.5,0.75,1,0.25,0.75,0.3333,1,0.7093250000000001,0.25487499999999996,0.3333333333333333,0.2761,0.6666666666666666,0.0916,0.458325,0.6666666666666666,0.6944333333333333,0.39340833333333336,0.5155383333333333
Implementation of LMMAs in progress,Mangrove,Mahajamba,Sofia,Port_Berger,Tsinjoarivo,E057,1,0.95,1.0,0.1765,0,0.3824,0.5,0.5,0,0,1,0.16,0.3333,0.75,0.25,1,0.2,0.0348,0.25,0.0,0.3333,0.75,0.25,0.25,0.75,1,0.25,0.65,1.0,0,0.781625,0.3456,0.3333333333333333,0.4144333333333334,0.48333333333333334,0.09493333333333333,0.395825,0.6666666666666666,0.5499999999999999,0.4687479166666667,0.4381516666666666
Implementation of LMMAs in progress,Mangrove,Mahajamba,Sofia,Port_Berger,Tsinjoarivo,E058,1,0.97,1.0,0.0,0,0.0,0.0,0.0,1,1,1,0.1,0.2083,0.75,0.0,1,0.0,0.0598,0.25,0.0,0.3333,0.0,0.0,0.25,0.25,0,0.25,0.5,0.3333,1,0.7424999999999999,0.0,1.0,0.3527666666666667,0.3333333333333333,0.10326666666666667,0.14582499999999998,0.16666666666666666,0.6111,0.5238166666666666,0.2720383333333333
Implementation of LMMAs in progress,Mangrove,Mahajamba,Sofia,Port_Berger,Tsinjoarivo,E059,1,0.98,1.0,0.3725,0,0.5294,0.6,0.6,0,1,0,0.36,0.4583,0.75,0.0,0,0.0,0.0666,0.25,0.0,0.3333,0.0,0.25,0.25,0.25,1,0.25,0.6,1.0,0,0.838125,0.43235,0.3333333333333333,0.5227666666666667,0.0,0.10553333333333333,0.20832499999999998,0.5,0.5333333333333333,0.53164375,0.26943833333333334
Implementation of LMMAs in progress,Mangrove,Mahajamba,Sofia,Port_Berger,Tsinjoarivo,E060,1,0.95,1.0,0.3333,1,0.5,0.6667,0.6667,1,1,1,0.64,0.4583,0.75,0.0,0,0.8,0.0677,0.25,0.0,0.3333,0.0,0.0,0.25,0.25,1,0.25,0.6,1.0,0,0.820825,0.70835,1.0,0.6161,0.26666666666666666,0.1059,0.14582499999999998,0.5,0.5333333333333333,0.78631875,0.310345
Well established LMMAs,Mangrove,Sahamalaza,Sofia,Analalava,Antafiatambalaka,E061,1,0.99,1.0,0.451,0,0.3382,0.6,0.8,0,1,1,0.46,0.3333,0.75,0.25,1,0.0,0.3983,0.5,0.0,0.0,0.0,0.25,0.25,1.0,1,0.75,0.55,0.5,0,0.8602500000000001,0.43455,0.6666666666666666,0.5144333333333333,0.4166666666666667,0.29943333333333333,0.125,0.9166666666666666,0.35000000000000003,0.6189749999999999,0.42155333333333334
Well established LMMAs,Mangrove,Sahamalaza,Sofia,Analalava,Antafiatambalaka,E062,1,0.99,1.0,0.3725,0,0.2794,0.6,0.8,0,1,0,0.36,0.3333,0.25,0.0,1,0.0,0.2626,0.5,0.0,0.3333,0.0,0.75,0.75,0.75,1,0.6667,0.65,0.6667,1,0.8406250000000001,0.41985,0.3333333333333333,0.31443333333333334,0.3333333333333333,0.2542,0.458325,0.8055666666666667,0.7722333333333333,0.47706041666666665,0.5247316666666666
Well established LMMAs,Mangrove,Sahamalaza,Sofia,Analalava,Antafiatambalaka,E063,1,0.98,1.0,0.0,0,0.0,0.75,0.9167,0,1,1,0.4,0.0833,0.75,0.0,1,0.8,0.2246,0.5,0.0,0.0,0.0,0.0,0.25,0.25,1,0.4167,0.75,1.0,1,0.745,0.416675,0.6666666666666666,0.4111,0.6,0.24153333333333335,0.0625,0.5555666666666667,0.9166666666666666,0.5598604166666667,0.4752533333333333
Well established LMMAs,Mangrove,Sahamalaza,Sofia,Analalava,Antafiatambalaka,E064,0,0.97,0.4333,0.0784,1,0.0588,0.7143,0.7143,0,0,1,0.4,0.4583,0.25,0.25,0,0.2,0.3408,0.5,1.0,0.6667,1.0,0.75,0.75,0.25,1,0.5833,0.65,0.0,0,0.370425,0.62185,0.3333333333333333,0.36943333333333334,0.15,0.6136,0.791675,0.6111,0.21666666666666667,0.42376041666666664,0.47660833333333336
Well established LMMAs,Mangrove,Sahamalaza,Sofia,Analalava,Antafiatambalaka,E065,1,0.98,1.0,0.098,0,0.0735,0.5,0.5,1,1,0,0.42,0.3333,0.25,0.25,1,0.8,0.2023,0.5,0.0,0.0,0.0,0.0,0.75,0.25,0,0.25,0.75,1.0,0,0.7695,0.26837500000000003,0.6666666666666666,0.3344333333333333,0.6833333333333332,0.2341,0.1875,0.16666666666666666,0.5833333333333334,0.5097437499999999,0.3709866666666667
Well established LMMAs,Mangrove,Sahamalaza,Sofia,Analalava,Antafiatambalaka,E066,1,0.98,1.0,0.0588,1,0.0441,0.3333,0.3333,1,0,1,0.02,0.0833,0.25,0.25,1,0.4,0.0937,0.5,1.0,0.0,0.75,0.0,0.75,0.75,1,0.5833,0.75,1.0,0,0.7597,0.42767499999999997,0.6666666666666666,0.11776666666666667,0.5499999999999999,0.5312333333333333,0.375,0.7777666666666666,0.5833333333333334,0.49295208333333335,0.5634666666666667
Well established LMMAs,"Coral_reef,_Seagrass_bed,_Mangrove",Sahamalaza,Sofia,Analalava,Lagnamena,E067,1,1.0,1.0,0.1373,0,0.2059,0.6,0.6,1,1,1,0.12,0.3333,0.75,0.0,1,0.2,0.019,0.25,0.0,0.3333,0.0,0.0,0.25,0.75,0,0.25,0.75,1.0,1,0.784325,0.351475,1.0,0.4011,0.39999999999999997,0.08966666666666667,0.14582499999999998,0.3333333333333333,0.9166666666666666,0.634225,0.37709833333333326
Well established LMMAs,"Coral_reef,_Seagrass_bed,_Mangrove",Sahamalaza,Sofia,Analalava,Lagnamena,E068,1,1.0,1.0,0.5686,0,0.5735,0.6,0.8,0,0,1,0.56,0.2083,0.75,0.0,1,0.2,0.1449,0.25,0.0,0.3333,0.75,0.0,0.25,0.25,1,0.25,0.75,1.0,0,0.89215,0.493375,0.3333333333333333,0.5061,0.39999999999999997,0.13163333333333335,0.333325,0.5,0.5833333333333334,0.5562395833333333,0.38965833333333333
Well established LMMAs,"Coral_reef,_Seagrass_bed,_Mangrove",Sahamalaza,Sofia,Analalava,Lagnamena,E069,1,0.95,1.0,0.1961,0,0.3971,0.5,0.75,0,0,1,0.18,0.4583,0.25,0.25,1,1.0,0.1034,0.25,0.0,0.3333,0.75,0.25,0.75,1.0,1,0.8333,0.75,1.0,0,0.786525,0.411775,0.3333333333333333,0.2961,0.75,0.1178,0.520825,0.9444333333333333,0.5833333333333334,0.45693333333333336,0.5832783333333333
Well established LMMAs,"Coral_reef,_Seagrass_bed,_Mangrove",Sahamalaza,Sofia,Analalava,Lagnamena,E070,1,0.97,1.0,0.0588,0,0.0441,0.5,0.75,0,1,1,0.22,0.3333,0.75,0.0,1,0.8,0.1669,0.25,0.0,0.3333,0.0,0.0,0.25,0.75,0,0.5833,0.75,1.0,0,0.7572,0.323525,0.6666666666666666,0.4344333333333334,0.6,0.13896666666666666,0.14582499999999998,0.4444333333333333,0.5833333333333334,0.54545625,0.38251166666666664
Well established LMMAs,"Coral_reef,_Seagrass_bed,_Mangrove",Sahamalaza,Sofia,Analalava,Lagnamena,E071,1,1.0,1.0,0.2157,0,0.4118,0.3333,0.3333,1,0,0,0.2,0.3333,0.75,0.25,1,0.0,0.0587,0.25,0.0,0.3333,0.75,0.0,0.25,0.75,1,0.5833,0.75,1.0,0,0.803925,0.2696,0.3333333333333333,0.4277666666666667,0.4166666666666667,0.10289999999999999,0.333325,0.7777666666666666,0.5833333333333334,0.45865625,0.44279833333333335
Well established LMMAs,"Coral_reef,_Seagrass_bed,_Mangrove",Sahamalaza,Sofia,Analalava,Lagnamena,E072,1,0.95,1.0,0.5686,0,0.4265,0.5,0.5,0,0,1,0.58,0.3333,0.75,0.25,1,0.8,0.0348,0.25,0.0,0.6667,0.75,0.0,0.25,0.75,1,0.3333,0.75,1.0,0,0.87965,0.35662499999999997,0.3333333333333333,0.5544333333333333,0.6833333333333332,0.09493333333333333,0.416675,0.6944333333333333,0.5833333333333334,0.5310104166666667,0.49454166666666666
Well established LMMAs,"Coral_reef,_Seagrass_bed,_Mangrove",Sahamalaza,Sofia,Analalava,Lagnamena,E073,0,0.9,0.5,0.0196,0,0.0147,0.5,0.75,0,0,1,0.36,0.4583,0.75,0.5,1,0.2,0.0179,0.25,0.0,0.6667,0.75,0.0,0.25,0.75,1,0.25,0.75,1.0,0,0.3549,0.316175,0.3333333333333333,0.5227666666666667,0.5666666666666667,0.0893,0.416675,0.6666666666666666,0.5833333333333334,0.38179375000000004,0.4645283333333333
Well established LMMAs,"Coral_reef,_Seagrass_bed,_Mangrove",Sahamalaza,Sofia,Analalava,Lagnamena,E074,1,1.0,1.0,0.0784,1,0.0,0.8,0.8,1,1,1,0.22,0.3333,0.75,0.0,1,0.2,0.0179,0.25,0.0,0.0,0.5,0.0,0.25,0.25,0,0.1667,0.75,1.0,0,0.7696,0.65,1.0,0.4344333333333334,0.39999999999999997,0.0893,0.1875,0.1389,0.5833333333333334,0.7135083333333333,0.27980666666666665
Well established LMMAs,"Coral_reef,_Seagrass_bed,_Mangrove",Sahamalaza,Sofia,Analalava,Lagnamena,E075,1,1.0,1.0,0.0,0,0.0,0.0,0.5,0,0,1,0.08,0.4583,0.5,0.5,1,0.8,0.0482,0.25,0.0,0.3333,0.75,0.0,0.5,0.75,1,0.25,0.75,1.0,0,0.75,0.125,0.3333333333333333,0.3461,0.7666666666666666,0.0994,0.395825,0.6666666666666666,0.5833333333333334,0.38860833333333333,0.5023783333333334
Well established LMMAs,"Coral_reef,_Seagrass_bed,_Mangrove",Sahamalaza,Sofia,Analalava,Lagnamena,E076,0,1.0,0.4762,0.4706,0,0.3529,0.6,0.8,0,0,0,0.64,0.4583,0.5,0.25,1,0.8,0.019,0.25,0.0,0.6667,0.75,0.5,0.5,0.75,0,0.4167,0.75,1.0,0,0.4867,0.438225,0.0,0.5327666666666667,0.6833333333333332,0.08966666666666667,0.604175,0.3889,0.5833333333333334,0.3644229166666667,0.46988166666666664
Well established LMMAs,"Coral_reef,_Seagrass_bed,_Mangrove",Sahamalaza,Sofia,Analalava,Lagnamena,E077,0,1.0,0.3684,0.2353,1,0.2059,0.6667,0.8333,0,1,0,0.22,0.4583,0.75,0.0,0,0.8,0.0316,0.25,0.0,0.6667,0.0,0.0,0.25,0.75,1,0.75,0.65,1.0,1,0.40092500000000003,0.6764749999999999,0.3333333333333333,0.4761,0.26666666666666666,0.09386666666666667,0.229175,0.8333333333333334,0.8833333333333333,0.4717083333333333,0.461275
Well established LMMAs,"Coral_reef,_Seagrass_bed,_Mangrove",Sahamalaza,Sofia,Analalava,Lagnamena,E078,0,1.0,0.4286,0.7451,0,0.8088,0.8182,0.9091,0,0,1,0.74,0.0833,0.75,0.5,0,0.8,0.0587,0.25,0.0,0.6667,1.0,0.0,0.25,0.75,1,0.5833,0.75,1.0,0,0.5434249999999999,0.6340250000000001,0.3333333333333333,0.5244333333333334,0.43333333333333335,0.10289999999999999,0.479175,0.7777666666666666,0.5833333333333334,0.5088041666666666,0.4753016666666666
Well established LMMAs,"Coral_reef,_Seagrass_bed,_Mangrove",Sahamalaza,Sofia,Analalava,Lagnamena,E079,1,1.0,1.0,0.3333,0,0.5,0.7143,0.7143,0,0,0,0.32,0.4583,0.75,0.0,1,1.0,1.0,0.25,1.0,0.3333,0.75,0.0,0.25,0.75,1,0.25,0.55,1.0,1,0.833325,0.4821500000000001,0.0,0.5094333333333333,0.6666666666666666,0.75,0.333325,0.6666666666666666,0.85,0.4562270833333334,0.6533316666666666
Well established LMMAs,"Coral_reef,_Seagrass_bed,_Mangrove",Sahamalaza,Sofia,Analalava,Lagnamena,E080,1,1.0,1.0,0.4314,0,0.5735,0.3333,0.3333,0,0,1,0.42,0.4583,0.75,0.0,1,0.8,0.1643,0.25,0.0,0.3333,0.75,0.0,0.25,0.75,1,0.4167,0.65,1.0,0,0.85785,0.310025,0.3333333333333333,0.5427666666666666,0.6,0.1381,0.333325,0.7222333333333334,0.5499999999999999,0.5109937499999999,0.46873166666666666
Well established LMMAs,"Coral_reef,_Seagrass_bed,_Mangrove",Sahamalaza,Sofia,Analalava,Lagnamena,E081,1,1.0,1.0,0.098,0,0.3235,0.3333,0.3333,0,1,0,0.08,0.4583,0.75,0.0,1,0.2,0.3966,0.25,0.0,0.3333,0.0,0.0,0.25,0.25,0,0.0833,0.65,1.0,0,0.7745,0.247525,0.3333333333333333,0.42943333333333333,0.39999999999999997,0.21553333333333335,0.14582499999999998,0.11109999999999999,0.5499999999999999,0.44619791666666664,0.28449166666666664
Well established LMMAs,"Coral_reef,_Seagrass_bed,_Mangrove",Sahamalaza,Sofia,Analalava,Maromanjo,E082,1,0.8,1.0,0.2353,0,0.1765,0.6,0.6,0,1,1,0.16,0.4583,0.75,0.25,1,0.0,0.02,0.0,0.0,0.3333,0.0,0.0,0.25,0.75,1,0.25,0.55,1.0,0,0.758825,0.344125,0.6666666666666666,0.4561,0.4166666666666667,0.006666666666666667,0.14582499999999998,0.6666666666666666,0.5166666666666667,0.5564291666666666,0.35049833333333336
Well established LMMAs,"Coral_reef,_Seagrass_bed,_Mangrove",Sahamalaza,Sofia,Analalava,Maromanjo,E083,1,0.9,1.0,0.1569,0,0.3676,0.5,0.5,0,0,1,0.14,0.4583,0.75,0.25,1,0.8,0.1581,0.0,0.0,0.3333,0.75,0.0,0.25,0.25,1,0.25,0.75,1.0,1,0.7642249999999999,0.3419,0.3333333333333333,0.44943333333333335,0.6833333333333332,0.0527,0.333325,0.5,0.9166666666666666,0.47222291666666666,0.49720499999999995
Well established LMMAs,"Coral_reef,_Seagrass_bed,_Mangrove",Sahamalaza,Sofia,Analalava,Maromanjo,E084,1,0.95,1.0,0.5882,0,0.6912,0.5,0.75,1,0,1,0.58,0.4583,0.75,0.0,1,0.0,0.1707,0.0,0.0,0.3333,0.75,0.0,0.25,0.25,0,0.0833,0.75,1.0,0,0.8845500000000001,0.4853,0.6666666666666666,0.5961,0.3333333333333333,0.0569,0.333325,0.11109999999999999,0.5833333333333334,0.6581541666666666,0.2835983333333333
Well established LMMAs,"Coral_reef,_Seagrass_bed,_Mangrove",Sahamalaza,Sofia,Analalava,Maromanjo,E085,1,0.97,1.0,0.1176,0,0.3382,0.3333,0.3333,1,1,0,0.1,0.4583,0.75,0.25,0,0.8,0.0471,0.0,0.0,0.3333,0.0,0.0,0.25,0.25,1,0.25,0.75,1.0,0,0.7718999999999999,0.2512,0.6666666666666666,0.4361,0.35000000000000003,0.015700000000000002,0.14582499999999998,0.5,0.5833333333333334,0.5314666666666666,0.31897166666666665
Well established LMMAs,"Coral_reef,_Seagrass_bed,_Mangrove",Sahamalaza,Sofia,Analalava,Maromanjo,E086,1,0.97,1.0,0.5882,0,0.6912,0.7778,0.7778,0,0,1,0.58,0.4583,0.75,0.0,1,0.0,0.2008,0.0,0.0,0.3333,0.75,0.0,0.25,0.25,0,0.3333,0.75,1.0,0,0.88955,0.5617000000000001,0.3333333333333333,0.5961,0.3333333333333333,0.06693333333333333,0.333325,0.19443333333333332,0.5833333333333334,0.5951708333333333,0.30227166666666666
Well established LMMAs,"Coral_reef,_Seagrass_bed,_Mangrove",Sahamalaza,Sofia,Analalava,Maromanjo,E087,1,0.9,1.0,0.1961,0,0.3971,0.3333,0.3333,1,0,1,0.18,0.4583,0.25,0.25,0,0.8,0.0598,0.0,0.0,0.3333,0.75,0.25,0.75,0.75,1,0.0833,0.75,1.0,1,0.774025,0.26592499999999997,0.6666666666666666,0.2961,0.35000000000000003,0.019933333333333334,0.520825,0.6111,0.9166666666666666,0.5006791666666667,0.48370499999999994
Well established LMMAs,Mangrove,Sahamalaza,Sofia,Analalava,Analanabe,E088,1,0.9,1.0,0.0,0,0.0,0.5,0.6667,1,0,0,0.46,0.4583,0.25,0.25,1,0.0,0.0211,0.5,0.0,0.3333,0.75,0.25,0.75,0.25,1,0.25,0.75,1.0,0,0.725,0.291675,0.3333333333333333,0.3894333333333333,0.4166666666666667,0.1737,0.520825,0.5,0.5833333333333334,0.43486041666666664,0.438905
Well established LMMAs,Mangrove,Sahamalaza,Sofia,Analalava,Analanabe,E089,0,0.95,0.4333,0.1176,0,0.0882,0.75,0.75,1,0,0,0.4,0.4583,0.75,0.0,1,0.8,0.3299,0.5,0.0,0.6667,0.75,0.0,0.25,0.75,0,0.5833,0.75,1.0,0,0.375225,0.39705,0.3333333333333333,0.5361,0.6,0.27663333333333334,0.416675,0.4444333333333333,0.5833333333333334,0.41042708333333333,0.464215
Well established LMMAs,Mangrove,Sahamalaza,Sofia,Analalava,Analanabe,E090,1,0.93,0.5,0.5294,1,0.6471,0.4,0.8,1,1,1,0.52,0.2083,0.75,0.25,1,1.0,0.4223,0.5,0.0,0.3333,0.0,0.25,0.25,0.75,1,0.1667,0.75,1.0,0,0.73985,0.711775,1.0,0.49276666666666663,0.75,0.30743333333333334,0.20832499999999998,0.6389,0.5833333333333334,0.7360979166666667,0.49759833333333336
Implementation of LMMAs in progress,Mangrove,Mahajamba,Boeny,Majunga_II,Andranoboka,P001,0,0.8,0.2222,0.098,0,0.0735,0.3333,0.3333,0,0,1,0.2,0.2083,0.0,0.5,1,1.0,0.3561,0.5,1.0,0.6667,1.0,0.25,1.0,0.75,1,1.0,0.45,0.5,1,0.28005,0.185025,0.3333333333333333,0.1361,0.8333333333333334,0.6187,0.729175,0.9166666666666666,0.65,0.23362708333333335,0.749575
Implementation of LMMAs in progress,Mangrove,Mahajamba,Boeny,Majunga_II,Andranoboka,P002,1,0.85,1.0,0.8235,1,0.8676,0.0,-1.0,1,1,1,0.92,0.2083,0.75,0.25,1,0.8,0.0622,0.5,1.0,0.3333,0.25,0.25,0.25,0.25,1,0.5833,0.85,0.0,1,0.918375,0.21689999999999998,1.0,0.6261,0.6833333333333332,0.5207333333333334,0.270825,0.6111,0.6166666666666667,0.69034375,0.5405316666666666
Implementation of LMMAs in progress,Mangrove,Mahajamba,Boeny,Majunga_II,Andranoboka,P003,1,0.85,1.0,0.2549,0,0.4412,0.5,0.5,1,1,1,0.24,0.3333,1.0,0.0,1,0.8,0.1279,0.5,1.0,0.3333,0.0,0.0,0.0,0.5,0,0.5833,0.7,0.6667,1,0.776225,0.3603,1.0,0.5244333333333333,0.6,0.5426333333333333,0.083325,0.3611,0.7888999999999999,0.6652395833333333,0.4751916666666666
Implementation of LMMAs in progress,Mangrove,Mahajamba,Boeny,Majunga_II,Andranoboka,P004,1,0.95,0.8,0.1961,0,0.3971,0.0,0.0,1,0,1,0.18,0.2083,0.75,0.0,1,0.8,0.1966,0.5,0.0,0.3333,1.0,0.0,0.25,0.0,1,0.3333,0.2,0.5,1,0.736525,0.099275,0.6666666666666666,0.37943333333333334,0.6,0.2322,0.395825,0.4444333333333333,0.5666666666666667,0.470475,0.4478249999999999
Implementation of LMMAs in progress,Mangrove,Mahajamba,Boeny,Majunga_II,Andranoboka,P005,0,0.9,0.375,0.2157,0,0.1618,0.5,0.75,1,0,1,0.32,0.3333,1.0,0.25,1,0.6,0.4331,0.5,0.0,0.3333,1.0,0.5,0.0,0.5,0,0.5833,1.0,0.6667,1,0.372675,0.35295,0.6666666666666666,0.5511,0.6166666666666667,0.31103333333333333,0.458325,0.3611,0.8889,0.4858479166666666,0.527205
Implementation of LMMAs in progress,Mangrove,Mahajamba,Boeny,Majunga_II,Andranoboka,P006,1,0.95,1.0,0.1961,0,0.3971,0.5,0.5,1,0,1,0.18,0.3333,0.0,0.0,1,0.0,0.4132,0.5,0.0,0.3333,0.75,0.25,1.0,0.0,1,0.0833,0.9,0.6667,1,0.786525,0.349275,0.6666666666666666,0.1711,0.3333333333333333,0.3044,0.583325,0.3611,0.8555666666666667,0.4933916666666667,0.487545
Implementation of LMMAs in progress,Mangrove,Mahajamba,Boeny,Majunga_II,Andranoboka,P007,1,0.8,0.8,0.4314,1,0.5735,0.4667,0.8,1,1,1,0.52,0.3333,1.0,0.0,1,0.4,0.2742,0.5,0.0,0.6667,0.0,0.25,0.0,0.25,1,0.5833,0.75,0.6667,1,0.75785,0.7100500000000001,1.0,0.6177666666666667,0.4666666666666666,0.25806666666666667,0.229175,0.6111,0.8055666666666667,0.7714166666666668,0.47411499999999995
Implementation of LMMAs in progress,Mangrove,Mahajamba,Boeny,Majunga_II,Andranoboka,P008,1,0.8,0.625,0.6667,0,0.75,0.5,0.8333,1,1,0,0.66,0.2083,0.5,0.0,1,0.4,0.1644,0.5,0.0,0.6667,0.0,0.5,0.5,1.0,1,1.0,0.9,1.0,1,0.772925,0.520825,0.6666666666666666,0.4561,0.4666666666666666,0.22146666666666667,0.416675,1.0,0.9666666666666667,0.6041291666666667,0.614295
Implementation of LMMAs in progress,Mangrove,Mahajamba,Boeny,Majunga_II,Andranoboka,P009,1,0.9,1.0,0.6275,1,0.7206,0.0,0.0,1,1,1,0.72,0.3333,0.75,0.0,1,0.4,0.0363,0.5,0.0,0.3333,0.0,0.0,0.25,0.5,1,0.25,1.0,0.6667,1,0.881875,0.43015000000000003,1.0,0.6011,0.4666666666666666,0.17876666666666666,0.14582499999999998,0.5833333333333334,0.8889,0.72828125,0.45269833333333337
Implementation of LMMAs in progress,Mangrove,Mahajamba,Boeny,Majunga_II,Andranoboka,P010,1,0.9,1.0,0.5098,0,0.6324,0.3333,0.3333,1,0,1,0.5,0.2083,0.25,0.0,1,0.8,0.3469,0.5,0.0,0.6667,1.0,0.0,0.75,0.5,1,0.8333,0.65,0.6667,1,0.8524499999999999,0.32475,0.6666666666666666,0.31943333333333335,0.6,0.2823,0.604175,0.7777666666666666,0.7722333333333333,0.540825,0.6072949999999999
Implementation of LMMAs in progress,Mangrove,Mahajamba,Boeny,Majunga_II,Andranoboka,P011,1,0.9,0.6667,0.1765,0,0.1324,0.6,0.6,1,0,1,0.36,0.3333,1.0,0.25,1,1.0,0.38,0.5,0.0,0.3333,1.0,0.5,0.0,0.75,1,0.5833,0.9,0.6667,0,0.6858,0.33309999999999995,0.6666666666666666,0.5644333333333333,0.75,0.29333333333333333,0.458325,0.7777666666666666,0.5222333333333333,0.5625,0.5603316666666667
Implementation of LMMAs in progress,Mangrove,Mahajamba,Boeny,Majunga_II,Andranoboka,P012,1,0.85,1.0,0.0392,0,0.2794,0.5714,0.7143,1,0,1,0.5,0.2083,0.25,0.0,1,0.8,0.1077,0.5,0.0,0.6667,1.0,0.25,0.75,0.25,0,0.5,0.8,0.6667,1,0.7223,0.39127500000000004,0.6666666666666666,0.31943333333333335,0.6,0.20256666666666667,0.666675,0.25,0.8222333333333333,0.52491875,0.5082949999999999
Implementation of LMMAs in progress,Mangrove,Mahajamba,Boeny,Majunga_II,Andranoboka,P013,1,0.9,1.0,0.3333,1,0.5,0.625,0.625,1,1,1,0.36,0.2083,1.0,0.0,1,0.6,0.251,0.5,0.0,0.3333,0.25,0.5,0.0,0.0,0,0.0833,0.95,1.0,0,0.808325,0.6875,1.0,0.5227666666666667,0.5333333333333333,0.25033333333333335,0.270825,0.027766666666666665,0.65,0.7546479166666666,0.3464516666666667
Implementation of LMMAs in progress,Mangrove,Mahajamba,Boeny,Majunga_II,Andranoboka,P014,0,0.95,0.4,0.6275,1,0.7206,0.0,0.0,1,0,0,0.68,0.2083,1.0,0.0,1,1.0,0.2853,0.5,0.0,1.0,1.0,0.5,0.0,0.75,0,0.6667,0.95,0.6667,0,0.494375,0.43015000000000003,0.3333333333333333,0.6294333333333334,0.6666666666666666,0.26176666666666665,0.625,0.47223333333333334,0.5388999999999999,0.47182291666666665,0.5129133333333333
Implementation of LMMAs in progress,Mangrove,Mahajamba,Boeny,Majunga_II,Andranoboka,P015,1,0.95,1.0,0.0392,0,0.2794,0.3333,0.3333,1,1,1,0.1,0.2083,0.75,0.0,1,0.8,0.0543,0.5,0.0,0.0,0.0,0.25,0.25,0.25,0,0.4167,0.85,0.0,1,0.7473000000000001,0.2365,1.0,0.3527666666666667,0.6,0.18476666666666666,0.125,0.22223333333333337,0.6166666666666667,0.5841416666666667,0.34973333333333334
Implementation of LMMAs in progress,Mangrove,Mahajamba,Boeny,Majunga_II,Andranoboka,P016,1,0.95,1.0,0.1961,0,0.3971,0.4286,0.4286,1,1,1,0.18,0.2083,0.25,0.0,1,0.8,0.2105,0.5,0.0,0.3333,0.0,0.25,0.75,0.5,0,0.4167,0.85,0.6667,1,0.786525,0.313575,1.0,0.21276666666666666,0.6,0.23683333333333334,0.333325,0.3055666666666667,0.8389000000000001,0.5782166666666667,0.462925
Implementation of LMMAs in progress,Mangrove,Mahajamba,Boeny,Majunga_II,Andranoboka,P017,1,0.9,1.0,0.098,0,0.0735,0.5,0.5,1,1,1,0.12,0.2083,0.25,0.25,0,0.8,0.0262,0.5,0.0,0.3333,0.0,0.25,0.75,0.0,1,0.25,0.8,0.6667,1,0.7494999999999999,0.26837500000000003,1.0,0.19276666666666667,0.35000000000000003,0.1754,0.333325,0.4166666666666667,0.8222333333333333,0.5526604166666667,0.419525
Implementation of LMMAs in progress,Mangrove,Mahajamba,Boeny,Majunga_II,Andranoboka,P018,1,0.9,1.0,0.3725,1,0.2794,0.25,0.25,1,1,1,0.78,0.2083,0.0,0.0,1,1.0,0.0405,0.5,0.0,0.3333,0.25,0.0,1.0,0.75,1,0.4167,1.0,0.6667,1,0.818125,0.44484999999999997,1.0,0.32943333333333336,0.6666666666666666,0.18016666666666667,0.395825,0.7222333333333334,0.8889,0.6481020833333333,0.5707583333333334
Implementation of LMMAs in progress,Mangrove,Mahajamba,Boeny,Majunga_II,Andranoboka,P019,0,0.9,0.4,0.0392,1,0.2794,0.5,0.6667,0,0,1,0.6,0.3333,1.0,0.25,1,0.8,0.2509,0.5,0.0,1.0,1.0,0.75,0.0,0.25,1,1.0,0.9,0.5,1,0.3348,0.611525,0.3333333333333333,0.6444333333333333,0.6833333333333332,0.2503,0.6875,0.75,0.7999999999999999,0.48102291666666663,0.6342266666666666
Implementation of LMMAs in progress,Mangrove,Mahajamba,Boeny,Majunga_II,Besakoa,P020,1,0.98,0.6667,0.3725,0,0.2794,0.5,0.5,1,1,1,0.26,0.3333,0.75,0.5,1,0.2,0.2299,0.75,0.0,0.3333,0.0,0.0,0.25,0.0,0,0.25,0.75,0.6667,1,0.7548,0.31984999999999997,1.0,0.44776666666666665,0.5666666666666667,0.32663333333333333,0.14582499999999998,0.08333333333333333,0.8055666666666667,0.6306041666666666,0.385605
Implementation of LMMAs in progress,Mangrove,Mahajamba,Boeny,Majunga_II,Besakoa,P021,1,0.95,0.6667,0.2157,0,0.1618,0.0,0.5,1,1,1,0.04,0.3333,0.0,0.25,1,0.4,0.1924,0.75,0.0,0.3333,0.0,0.25,1.0,0.0,0,0.25,0.75,0.6667,0,0.7081,0.16544999999999999,1.0,0.12443333333333333,0.5499999999999999,0.3141333333333333,0.395825,0.08333333333333333,0.47223333333333334,0.4994958333333333,0.3631049999999999
Implementation of LMMAs in progress,Mangrove,Mahajamba,Boeny,Majunga_II,Besakoa,P022,1,0.85,0.625,0.0392,0,0.1912,0.0,0.1667,1,0,1,0.02,0.2083,0.25,0.25,1,0.8,0.0741,0.75,0.0,0.3333,0.75,1.0,0.75,0.0,1,0.0833,0.75,0.3333,1,0.62855,0.089475,0.6666666666666666,0.15943333333333334,0.6833333333333332,0.2747,0.708325,0.3611,0.6944333333333333,0.38603125,0.5443783333333333
Implementation of LMMAs in progress,Mangrove,Mahajamba,Boeny,Majunga_II,Besakoa,P023,1,0.95,1.0,0.3725,0,0.2794,0.7143,0.7143,1,0,1,0.2,0.7083,0.5,0.25,1,0.8,0.0741,0.75,0.0,0.3333,0.75,0.5,0.5,0.0,1,0.3333,0.45,0.3333,1,0.8306250000000001,0.42700000000000005,0.6666666666666666,0.46943333333333337,0.6833333333333332,0.2747,0.520825,0.4444333333333333,0.5944333333333334,0.59843125,0.5035449999999999
Implementation of LMMAs in progress,Mangrove,Mahajamba,Sofia,Port_Berger,Tsinjoarivo,P024,1,0.95,1.0,0.1961,0,0.3971,0.1667,0.1667,1,0,1,0.18,0.3333,1.0,0.25,0,0.6,0.1976,0.25,0.0,0.3333,0.75,0.25,0.0,0.25,0,0.5,0.85,0.5,1,0.786525,0.18262499999999998,0.6666666666666666,0.5044333333333334,0.2833333333333333,0.1492,0.333325,0.25,0.7833333333333333,0.5350625,0.35983833333333337
Implementation of LMMAs in progress,Mangrove,Mahajamba,Sofia,Port_Berger,Tsinjoarivo,P025,1,0.96,0.6,0.2353,0,0.4265,0.5,0.5,1,0,1,0.3,0.2083,0.75,0.0,1,0.6,0.5413,0.25,0.0,0.3333,1.0,0.25,0.25,0.0,1,0.1667,0.9,0.3333,1,0.698825,0.35662499999999997,0.6666666666666666,0.4194333333333333,0.5333333333333333,0.26376666666666665,0.458325,0.3889,0.7444333333333333,0.5353874999999999,0.47775166666666663
Implementation of LMMAs in progress,Mangrove,Mahajamba,Sofia,Port_Berger,Tsinjoarivo,P026,1,0.95,1.0,0.1765,0,0.1324,0.5,0.5,1,0,1,0.1,0.3333,1.0,0.0,1,0.8,0.12,0.25,0.0,0.3333,0.75,0.0,0.0,0.25,0,0.4167,0.8,0.3333,1,0.781625,0.2831,0.6666666666666666,0.4777666666666667,0.6,0.12333333333333334,0.270825,0.22223333333333337,0.7111000000000001,0.5522895833333333,0.38549833333333333
Implementation of LMMAs in progress,Mangrove,Mahajamba,Sofia,Port_Berger,Tsinjoarivo,P027,1,0.98,1.0,0.1373,0,0.1029,0.5,0.5,1,0,1,0.26,0.2083,0.25,0.25,1,0.8,0.0546,0.25,0.0,0.3333,1.0,0.5,0.75,0.0,1,0.4167,0.6,0.6667,1,0.779325,0.275725,0.6666666666666666,0.23943333333333336,0.6833333333333332,0.10153333333333332,0.645825,0.47223333333333334,0.7555666666666667,0.4902875,0.5316983333333333
Implementation of LMMAs in progress,Mangrove,Mahajamba,Sofia,Port_Berger,Tsinjoarivo,P028,1,0.99,1.0,0.0784,0,0.3088,0.3333,0.3333,1,1,1,0.06,0.2083,1.0,0.25,1,0.8,0.0679,0.25,0.0,0.3333,0.0,0.0,0.0,0.25,1,0.25,0.65,0.5,1,0.7671,0.24385,1.0,0.4227666666666667,0.6833333333333332,0.10596666666666667,0.083325,0.5,0.7166666666666667,0.6084291666666667,0.41785833333333333
Implementation of LMMAs in progress,Mangrove,Mahajamba,Sofia,Port_Berger,Tsinjoarivo,P029,1,0.98,1.0,0.0392,0,0.2794,0.2,0.2,1,0,1,0.02,0.2083,0.25,0.5,1,0.8,0.0531,0.25,0.0,0.6667,1.0,0.25,0.75,0.0,0,0.1667,0.65,0.3333,1,0.7548,0.16985,0.6666666666666666,0.15943333333333334,0.7666666666666666,0.10103333333333332,0.666675,0.05556666666666666,0.6611,0.4376875,0.4502083333333333
Implementation of LMMAs in progress,Mangrove,Mahajamba,Sofia,Port_Berger,Tsinjoarivo,P030,1,0.99,1.0,0.0784,0,0.3088,0.4,0.4,1,1,1,0.06,0.2083,0.25,0.0,1,0.8,0.0438,0.25,0.0,0.3333,0.0,0.25,0.75,0.0,1,0.4167,0.6,0.5,1,0.7671,0.2772,1.0,0.17276666666666665,0.6,0.09793333333333333,0.333325,0.47223333333333334,0.7000000000000001,0.5542666666666666,0.4406983333333333
Implementation of LMMAs in progress,Mangrove,Mahajamba,Sofia,Port_Berger,Tsinjoarivo,P031,1,0.95,1.0,0.5686,0,0.4265,0.6,0.6,1,1,1,0.62,0.3333,1.0,0.0,0,1.0,0.0338,0.25,0.0,0.3333,0.0,0.25,0.0,0.75,0,0.5833,0.4,0.3333,0,0.87965,0.406625,1.0,0.6511,0.3333333333333333,0.0946,0.14582499999999998,0.4444333333333333,0.24443333333333336,0.73434375,0.252525
Implementation of LMMAs in progress,Mangrove,Mahajamba,Sofia,Port_Berger,Tsinjoarivo,P032,1,0.99,1.0,0.0,0,0.0,0.0,0.0,1,0,1,0.38,0.3333,0.0,1.0,0,0.8,0.2799,0.25,0.0,0.0,1.0,0.5,1.0,0.0,0,0.25,0.7,0.5,1,0.7475,0.0,0.6666666666666666,0.23776666666666668,0.6,0.17663333333333334,0.625,0.08333333333333333,0.7333333333333334,0.4129833333333333,0.44366000000000005
Implementation of LMMAs in progress,Mangrove,Mahajamba,Sofia,Port_Berger,Tsinjoarivo,P033,1,0.95,0.5,0.2353,0,0.4265,0.1429,0.1429,1,0,1,0.28,0.2083,0.0,0.5,1,0.8,0.2027,0.25,0.0,0.6667,1.0,0.0,1.0,1.0,1,0.75,0.7,0.3333,1,0.6713250000000001,0.178075,0.6666666666666666,0.1627666666666667,0.7666666666666666,0.1509,0.666675,0.9166666666666666,0.6777666666666665,0.41970833333333335,0.6357349999999999
Implementation of LMMAs in progress,Mangrove,Mahajamba,Sofia,Port_Berger,Tsinjoarivo,P034,1,0.98,1.0,0.2353,1,0.4265,0.5,0.5,1,0,1,0.32,0.3333,1.0,0.0,1,0.8,0.1648,0.25,0.0,0.6667,0.75,0.0,0.0,0.0,1,0.5,0.65,0.3333,1,0.803825,0.606625,0.6666666666666666,0.5511,0.6,0.13826666666666668,0.354175,0.5,0.6611,0.6570541666666666,0.4507083333333334
Implementation of LMMAs in progress,Mangrove,Mahajamba,Sofia,Port_Berger,Tsinjoarivo,P035,1,0.95,0.4667,0.2353,0,0.4265,0.5,0.5,1,0,1,0.26,0.3333,1.0,0.0,1,0.0,0.2268,0.25,0.0,0.3333,1.0,0.0,0.0,0.0,1,0.5,0.65,0.3333,1,0.663,0.35662499999999997,0.6666666666666666,0.5311,0.3333333333333333,0.15893333333333334,0.333325,0.5,0.6611,0.5543479166666666,0.3973383333333333
Implementation of LMMAs in progress,Mangrove,Mahajamba,Sofia,Port_Berger,Tsinjoarivo,P036,1,0.95,0.4,0.2157,0,0.4118,0.0,0.0,1,0,1,0.2,0.3333,0.0,0.5,1,0.8,0.2862,0.25,0.0,0.3333,0.75,0.5,1.0,0.75,1,0.4167,0.85,0.3333,1,0.641425,0.10295,0.6666666666666666,0.17776666666666666,0.7666666666666666,0.17873333333333333,0.645825,0.7222333333333334,0.7277666666666667,0.39720208333333334,0.6082449999999999
Implementation of LMMAs in progress,Mangrove,Mahajamba,Sofia,Port_Berger,Tsinjoarivo,P037,1,0.98,1.0,0.0392,0,0.1324,0.25,0.625,1,0,1,0.42,0.2083,1.0,0.0,1,1.0,0.0919,0.25,0.0,0.3333,0.75,0.75,0.0,0.75,0,0.6667,0.95,0.5,1,0.7548,0.25185,0.6666666666666666,0.5427666666666666,0.6666666666666666,0.11396666666666666,0.458325,0.47223333333333334,0.8166666666666668,0.5540208333333333,0.5055716666666666
Implementation of LMMAs in progress,Mangrove,Mahajamba,Sofia,Port_Berger,Tsinjoarivo,P038,1,0.97,1.0,0.1373,0,0.1618,0.0,0.0,1,1,1,0.12,0.2083,1.0,0.25,1,0.8,0.6893,0.25,0.0,0.3333,0.0,0.5,0.0,1.0,0,0.3333,0.85,0.5,0,0.776825,0.04045,1.0,0.4427666666666667,0.6833333333333332,0.3131,0.20832499999999998,0.4444333333333333,0.45,0.5650104166666666,0.4198383333333333
Implementation of LMMAs in progress,Mangrove,Mahajamba,Sofia,Port_Berger,Tsinjoarivo,P039,1,0.98,0.6,0.1765,0,0.1324,0.3333,0.3333,1,1,1,0.18,0.3333,0.25,0.25,1,0.8,0.4454,0.25,0.0,0.6667,0.0,1.0,0.75,1.0,1,0.5833,0.65,0.3333,1,0.689125,0.19974999999999998,1.0,0.25443333333333334,0.6833333333333332,0.2318,0.604175,0.8611,0.6611,0.5358270833333334,0.6083016666666667
Implementation of LMMAs in progress,Mangrove,Mahajamba,Sofia,Port_Berger,Tsinjoarivo,P040,1,0.98,1.0,0.2941,0,0.4265,0.3333,0.3333,1,1,1,0.28,0.2083,1.0,0.25,0,0.8,0.2542,0.25,0.0,0.3333,0.0,0.25,0.0,0.0,1,0.4167,0.8,0.5,1,0.818525,0.273275,1.0,0.49610000000000004,0.35000000000000003,0.16806666666666667,0.14582499999999998,0.47223333333333334,0.7666666666666666,0.6469750000000001,0.38055833333333333
Well established LMMAs,Mangrove,Sahamalaza,Sofia,Analalava,Antafiatambalaka,P041,1,0.95,1.0,0.0784,0,0.0588,0.25,0.25,1,1,1,0.22,0.3333,0.0,0.0,1,0.4,0.0392,0.5,0.0,0.3333,0.0,0.5,1.0,0.25,1,0.8333,0.85,0.6667,1,0.7571,0.1397,1.0,0.18443333333333334,0.4666666666666666,0.17973333333333333,0.458325,0.6944333333333333,0.8389000000000001,0.5203083333333334,0.5276116666666667
Well established LMMAs,Mangrove,Sahamalaza,Sofia,Analalava,Antafiatambalaka,P042,1,0.95,1.0,0.2157,0,0.1618,0.3333,0.6667,0,0,1,0.6,0.2083,0.25,0.25,1,1.0,0.0103,0.5,1.0,0.0,1.0,0.0,0.75,1.0,1,0.8333,0.85,0.6667,1,0.791425,0.29045,0.3333333333333333,0.3527666666666667,0.75,0.5034333333333333,0.4375,0.9444333333333333,0.8389000000000001,0.44199375,0.6948533333333333
Well established LMMAs,Mangrove,Sahamalaza,Sofia,Analalava,Antafiatambalaka,P043,1,0.95,1.0,0.3725,0,0.2794,0.0,0.0,1,0,1,0.86,0.3333,0.75,0.0,1,1.0,0.1135,0.5,1.0,0.0,1.0,0.0,0.25,0.75,1,0.8333,0.95,0.6667,1,0.8306250000000001,0.06985,0.6666666666666666,0.6477666666666667,0.6666666666666666,0.5378333333333334,0.3125,0.8611,0.8722333333333333,0.5537270833333333,0.6500666666666667
Well established LMMAs,Mangrove,Sahamalaza,Sofia,Analalava,Antafiatambalaka,P044,1,0.95,1.0,0.1373,1,0.1029,0.6667,0.6667,1,1,1,0.7,0.3333,1.0,0.0,0,0.8,0.0135,0.5,0.0,0.0,0.0,0.0,0.0,0.25,0,0.75,0.9,0.6667,1,0.7718250000000001,0.609075,1.0,0.6777666666666665,0.26666666666666666,0.17116666666666666,0.0,0.3333333333333333,0.8555666666666667,0.7646666666666666,0.3253466666666666
Well established LMMAs,Mangrove,Sahamalaza,Sofia,Analalava,Antafiatambalaka,P045,1,0.95,1.0,0.0196,0,0.0147,0.5,0.5,1,1,1,0.1,0.3333,0.25,0.0,0,0.8,0.0272,0.5,0.0,0.3333,0.0,0.0,0.75,0.0,1,0.25,0.8,0.6667,1,0.7424000000000001,0.253675,1.0,0.22776666666666667,0.26666666666666666,0.17573333333333332,0.270825,0.4166666666666667,0.8222333333333333,0.5559604166666667,0.390425
Well established LMMAs,Mangrove,Sahamalaza,Sofia,Analalava,Antafiatambalaka,P046,1,0.95,0.6667,0.0392,1,0.0294,0.5,0.5,1,1,1,0.12,0.2083,0.25,0.25,0,0.8,0.0196,0.5,0.0,0.3333,0.0,0.25,0.75,0.5,1,0.5833,1.0,0.6667,1,0.663975,0.50735,1.0,0.19276666666666667,0.35000000000000003,0.1732,0.333325,0.6944333333333333,0.8889,0.5910229166666666,0.4879716666666667
Well established LMMAs,"Coral_reef,_Seagrass_bed,_Mangrove",Sahamalaza,Sofia,Analalava,Lagnamena,P047,1,0.95,0.3333,0.5686,0,0.4265,0.0,0.0,1,0,1,0.62,0.2083,1.0,0.25,1,0.8,0.1363,0.25,0.0,0.3333,1.0,0.0,0.0,0.0,0,0.1667,1.0,0.6667,1,0.712975,0.106625,0.6666666666666666,0.6094333333333334,0.6833333333333332,0.12876666666666667,0.333325,0.05556666666666666,0.8889,0.523925,0.4179783333333333
Well established LMMAs,"Coral_reef,_Seagrass_bed,_Mangrove",Sahamalaza,Sofia,Analalava,Lagnamena,P048,1,0.95,1.0,0.0588,0,0.0441,0.6,0.8,0,0,1,0.46,0.2083,1.0,0.0,1,0.8,0.6417,0.25,0.0,0.3333,1.0,0.0,0.0,0.5,0,0.5833,0.85,0.6667,1,0.7522000000000001,0.36102500000000004,0.3333333333333333,0.5560999999999999,0.6,0.29723333333333335,0.333325,0.3611,0.8389000000000001,0.5006645833333333,0.48611166666666666
Well established LMMAs,"Coral_reef,_Seagrass_bed,_Mangrove",Sahamalaza,Sofia,Analalava,Lagnamena,P049,1,0.92,0.5,0.1176,0,0.0882,0.5,0.5,1,0,1,0.18,0.3333,1.0,0.0,1,1.0,0.1201,0.25,0.0,0.6667,1.0,0.25,0.0,0.75,0,0.6667,0.85,0.6667,1,0.6344,0.27205,0.6666666666666666,0.5044333333333334,0.6666666666666666,0.12336666666666667,0.479175,0.47223333333333334,0.8389000000000001,0.5193875,0.5160683333333334
Well established LMMAs,"Coral_reef,_Seagrass_bed,_Mangrove",Sahamalaza,Sofia,Analalava,Lagnamena,P050,1,1.0,1.0,0.0784,1,0.0588,0.0,0.0,1,0,1,0.32,0.3333,1.0,0.0,1,0.8,0.0,0.25,0.0,0.6667,1.0,0.0,0.0,0.5,0,0.4167,0.95,0.6667,1,0.7696,0.2647,0.6666666666666666,0.5511,0.6,0.08333333333333333,0.416675,0.3055666666666667,0.8722333333333333,0.5630166666666666,0.45556166666666664
Well established LMMAs,"Coral_reef,_Seagrass_bed,_Mangrove",Sahamalaza,Sofia,Analalava,Lagnamena,P051,1,1.0,0.3333,0.5098,1,0.5735,0.2,0.2,1,0,1,0.42,0.3333,0.5,0.0,1,0.0,0.1464,0.25,0.0,0.3333,1.0,0.0,0.5,0.0,0,0.1667,0.95,0.0,1,0.7107749999999999,0.493375,0.6666666666666666,0.4177666666666666,0.3333333333333333,0.13213333333333332,0.458325,0.05556666666666666,0.65,0.5721458333333332,0.32587166666666667
Well established LMMAs,"Coral_reef,_Seagrass_bed,_Mangrove",Sahamalaza,Sofia,Analalava,Lagnamena,P052,1,1.0,1.0,0.2157,1,0.2059,0.75,0.875,0,1,1,0.22,0.3333,1.0,0.0,1,0.8,0.0262,0.25,0.0,0.6667,0.25,0.0,0.0,0.5,0,0.4167,0.75,0.6667,1,0.803925,0.7077249999999999,0.6666666666666666,0.5177666666666667,0.6,0.09206666666666667,0.229175,0.3055666666666667,0.8055666666666667,0.6740208333333333,0.40647500000000003
Well established LMMAs,"Coral_reef,_Seagrass_bed,_Mangrove",Sahamalaza,Sofia,Analalava,Lagnamena,P053,0,1.0,0.3333,0.0784,1,0.0588,0.8571,0.8571,1,0,1,0.62,0.2083,0.25,0.25,1,0.8,0.0251,0.25,0.0,0.3333,1.0,0.0,0.75,0.0,0,0.1667,0.95,0.0,1,0.352925,0.6932499999999999,0.6666666666666666,0.3594333333333333,0.6833333333333332,0.0917,0.520825,0.05556666666666666,0.65,0.51806875,0.40028500000000006
Well established LMMAs,"Coral_reef,_Seagrass_bed,_Mangrove",Sahamalaza,Sofia,Analalava,Lagnamena,P054,1,1.0,1.0,0.1373,1,0.3529,0.5,0.3333,1,1,1,0.22,0.2083,0.25,0.0,1,0.8,0.0381,0.25,0.0,0.3333,0.25,0.0,0.75,0.25,0,0.25,0.9,0.6667,1,0.784325,0.54655,1.0,0.2261,0.6,0.09603333333333335,0.333325,0.16666666666666666,0.8555666666666667,0.63924375,0.4103183333333333
Well established LMMAs,"Coral_reef,_Seagrass_bed,_Mangrove",Sahamalaza,Sofia,Analalava,Lagnamena,P055,1,0.95,0.5,0.098,0,0.0735,0.5,0.5,1,0,1,0.52,0.2083,0.25,0.0,1,0.8,0.0987,0.25,0.0,0.3333,1.0,0.0,0.75,0.5,0,0.25,0.9,0.6667,1,0.637,0.26837500000000003,0.6666666666666666,0.3261,0.6,0.11623333333333334,0.520825,0.25,0.8555666666666667,0.4745354166666667,0.46852499999999997
Well established LMMAs,"Coral_reef,_Seagrass_bed,_Mangrove",Sahamalaza,Sofia,Analalava,Lagnamena,P056,0,1.0,0.4,0.0196,1,0.0147,0.5,0.5,1,0,0,0.06,0.3333,1.0,0.5,1,1.0,0.0262,0.25,1.0,0.6667,1.0,0.0,0.0,0.0,0,0.0833,0.8,0.6667,1,0.3549,0.503675,0.3333333333333333,0.4644333333333333,0.8333333333333334,0.4254,0.416675,0.027766666666666665,0.8222333333333333,0.41408541666666665,0.5050816666666667
Well established LMMAs,"Coral_reef,_Seagrass_bed,_Mangrove",Sahamalaza,Sofia,Analalava,Lagnamena,P057,1,0.98,1.0,0.7647,0,0.8235,0.0,0.4,1,1,1,0.76,0.3333,1.0,0.0,1,1.0,0.5004,0.25,0.0,0.3333,0.0,0.0,0.0,0.75,0,0.6667,0.65,0.6667,1,0.936175,0.305875,1.0,0.6977666666666668,0.6666666666666666,0.2501333333333333,0.083325,0.47223333333333334,0.7722333333333333,0.7349541666666667,0.4489183333333333
Well established LMMAs,"Coral_reef,_Seagrass_bed,_Mangrove",Sahamalaza,Sofia,Analalava,Lagnamena,P058,0,0.95,0.5,0.0588,1,0.0441,0.5,0.5,1,1,1,0.28,0.3333,0.75,1.0,0,0.8,0.4515,0.25,0.0,0.6667,0.0,0.5,0.25,0.75,1,0.75,0.8,0.6667,1,0.3772,0.5110250000000001,1.0,0.4544333333333333,0.6,0.23383333333333334,0.354175,0.8333333333333334,0.8222333333333333,0.5856645833333334,0.568715
Well established LMMAs,"Coral_reef,_Seagrass_bed,_Mangrove",Sahamalaza,Sofia,Analalava,Maromanjo,P059,1,0.95,1.0,0.1569,0,0.3676,0.0,0.6667,1,1,0,0.14,0.3333,0.25,0.0,1,0.8,0.0672,0.0,0.0,0.6667,0.0,0.25,0.75,0.5,0,0.3333,1.0,0.6667,1,0.776725,0.258575,0.6666666666666666,0.2411,0.6,0.0224,0.416675,0.27776666666666666,0.8889,0.4857666666666666,0.4411483333333333
Well established LMMAs,"Coral_reef,_Seagrass_bed,_Mangrove",Sahamalaza,Sofia,Analalava,Maromanjo,P060,1,0.95,1.0,0.0392,0,0.2794,0.0,0.0,1,1,1,0.04,0.3333,0.25,0.25,1,0.0,0.1507,0.0,0.0,0.6667,0.25,0.5,0.75,0.0,0,0.1667,1.0,0.6667,1,0.7473000000000001,0.06985,1.0,0.20776666666666666,0.4166666666666667,0.05023333333333333,0.541675,0.05556666666666666,0.8889,0.5062291666666667,0.39060833333333334
Well established LMMAs,"Coral_reef,_Seagrass_bed,_Mangrove",Sahamalaza,Sofia,Analalava,Maromanjo,P061,1,0.95,1.0,0.0784,0,0.3088,0.0,0.0,1,1,1,0.06,0.2083,0.25,0.0,0,0.8,0.1788,0.0,0.0,0.3333,0.0,0.25,0.75,0.5,1,0.25,0.95,0.6667,1,0.7571,0.0772,1.0,0.17276666666666665,0.26666666666666666,0.05959999999999999,0.333325,0.5833333333333334,0.8722333333333333,0.5017666666666667,0.4230316666666667
Well established LMMAs,"Coral_reef,_Seagrass_bed,_Mangrove",Sahamalaza,Sofia,Analalava,Maromanjo,P062,1,0.95,1.0,0.2353,0,0.4265,0.5,0.5,1,1,1,0.22,0.2083,0.0,0.0,1,0.8,0.1932,0.0,0.0,0.6667,0.25,0.5,1.0,0.0,1,0.1667,0.95,0.6667,1,0.7963250000000001,0.35662499999999997,1.0,0.14276666666666668,0.6,0.0644,0.604175,0.3889,0.8722333333333333,0.5739291666666667,0.5059416666666666
Well established LMMAs,"Coral_reef,_Seagrass_bed,_Mangrove",Sahamalaza,Sofia,Analalava,Maromanjo,P063,1,0.99,1.0,0.0588,0,0.0441,0.3333,0.3333,1,1,1,0.12,0.2083,1.0,0.25,1,0.8,0.5785,0.0,0.0,0.6667,0.25,0.0,0.0,0.75,1,0.5833,0.95,0.8333,1,0.7622000000000001,0.17767499999999997,1.0,0.4427666666666667,0.6833333333333332,0.19283333333333333,0.229175,0.7777666666666666,0.9277666666666667,0.5956604166666667,0.562175
Well established LMMAs,"Coral_reef,_Seagrass_bed,_Mangrove",Sahamalaza,Sofia,Analalava,Maromanjo,P064,1,0.95,1.0,0.7059,0,0.7206,0.0,0.0,1,0,1,0.84,0.3333,1.0,0.0,1,0.8,0.1435,0.0,0.0,0.6667,0.75,0.0,0.0,0.75,1,0.1667,1.0,0.6667,1,0.913975,0.18015,0.6666666666666666,0.7244333333333334,0.6,0.04783333333333333,0.354175,0.6389,0.8889,0.62130625,0.5059616666666666
Well established LMMAs,Mangrove,Sahamalaza,Sofia,Analalava,Analanabe,P065,1,0.98,1.0,0.0196,1,0.0147,0.2857,0.5714,1,0,1,0.6,0.2083,0.25,0.25,1,0.8,0.0489,0.5,0.0,0.0,0.75,0.25,0.75,0.75,1,0.6667,0.9,0.6667,1,0.7499,0.46795,0.6666666666666666,0.3527666666666667,0.6833333333333332,0.18296666666666664,0.4375,0.8055666666666667,0.8555666666666667,0.5593208333333333,0.5929866666666667
Well established LMMAs,Mangrove,Sahamalaza,Sofia,Analalava,Analanabe,P066,1,0.97,1.0,0.1176,0,0.3382,0.0,0.0,1,0,1,0.1,0.2083,0.75,0.0,1,0.0,0.0395,0.5,0.0,0.0,0.75,0.25,0.25,0.5,1,0.5,0.9,0.6667,1,0.7718999999999999,0.08455,0.6666666666666666,0.3527666666666667,0.3333333333333333,0.17983333333333332,0.3125,0.6666666666666666,0.8555666666666667,0.46897083333333334,0.46958
